-- phpMyAdmin SQL Dump
-- version 5.2.1
-- https://www.phpmyadmin.net/
--
-- Máy chủ: 127.0.0.1
-- Thời gian đã tạo: Th6 16, 2025 lúc 09:35 AM
-- Phiên bản máy phục vụ: 11.6.2-MariaDB
-- Phiên bản PHP: 8.2.12

SET SQL_MODE = "NO_AUTO_VALUE_ON_ZERO";
START TRANSACTION;
SET time_zone = "+00:00";


/*!40101 SET @OLD_CHARACTER_SET_CLIENT=@@CHARACTER_SET_CLIENT */;
/*!40101 SET @OLD_CHARACTER_SET_RESULTS=@@CHARACTER_SET_RESULTS */;
/*!40101 SET @OLD_COLLATION_CONNECTION=@@COLLATION_CONNECTION */;
/*!40101 SET NAMES utf8mb4 */;

--
-- Cơ sở dữ liệu: `bluemoon_sys`
--

-- --------------------------------------------------------

--
-- Cấu trúc bảng cho bảng `collection_items`
--

CREATE TABLE `collection_items` (
  `id` int(11) NOT NULL,
  `collection_period_id` int(11) NOT NULL,
  `room_number` varchar(20) NOT NULL,
  `revenue_item_id` int(11) NOT NULL,
  `quantity` decimal(12,2) NOT NULL,
  `quantity_unit` varchar(20) NOT NULL,
  `unit_price` decimal(12,2) NOT NULL,
  `total_amount` decimal(12,2) NOT NULL,
  `note` varchar(255) DEFAULT NULL
) ENGINE=InnoDB DEFAULT CHARSET=utf8mb4 COLLATE=utf8mb4_general_ci;

--
-- Đang đổ dữ liệu cho bảng `collection_items`
--

INSERT INTO `collection_items` (`id`, `collection_period_id`, `room_number`, `revenue_item_id`, `quantity`, `quantity_unit`, `unit_price`, `total_amount`, `note`) VALUES
(19, 2, '601', 1, 85.00, 'm2', 7000.00, 595000.00, 'Phí quản lý tháng 7/2025'),
(20, 2, '601', 2, 85.00, 'm2', 8000.00, 680000.00, 'Phí dịch vụ tháng 7/2025'),
(21, 2, '601', 3, 2.00, 'motorbike', 70000.00, 140000.00, '2 xe máy'),
(22, 2, '1001', 1, 85.00, 'm2', 7000.00, 595000.00, 'Phí quản lý tháng 7/2025'),
(23, 2, '1001', 2, 85.00, 'm2', 8000.00, 680000.00, 'Phí dịch vụ tháng 7/2025'),
(24, 2, '1001', 3, 1.00, 'motorbike', 70000.00, 70000.00, '1 xe máy'),
(25, 2, '1001', 4, 1.00, 'car', 1200000.00, 1200000.00, '1 ô tô'),
(26, 3, '1001', 8, 50000.00, '', 50000.00, 50000.00, 'Đóng góp quỹ cộng đồng quý 3'),
(399, 4, '604', 1, 65.00, 'm2', 7000.00, 455000.00, NULL),
(400, 4, '604', 2, 65.00, 'm2', 8000.00, 520000.00, NULL),
(401, 4, '605', 1, 50.00, 'm2', 7000.00, 350000.00, NULL),
(402, 4, '605', 2, 50.00, 'm2', 8000.00, 400000.00, NULL),
(403, 4, '606', 1, 50.00, 'm2', 7000.00, 350000.00, NULL),
(404, 4, '606', 2, 50.00, 'm2', 8000.00, 400000.00, NULL),
(405, 4, '701', 1, 85.00, 'm2', 7000.00, 595000.00, NULL),
(406, 4, '701', 2, 85.00, 'm2', 8000.00, 680000.00, NULL),
(407, 4, '702', 1, 85.00, 'm2', 7000.00, 595000.00, NULL),
(408, 4, '702', 2, 85.00, 'm2', 8000.00, 680000.00, NULL),
(409, 4, '703', 1, 65.00, 'm2', 7000.00, 455000.00, NULL),
(410, 4, '703', 2, 65.00, 'm2', 8000.00, 520000.00, NULL),
(411, 4, '704', 1, 65.00, 'm2', 7000.00, 455000.00, NULL),
(412, 4, '704', 2, 65.00, 'm2', 8000.00, 520000.00, NULL),
(413, 4, '705', 1, 50.00, 'm2', 7000.00, 350000.00, NULL),
(414, 4, '705', 2, 50.00, 'm2', 8000.00, 400000.00, NULL),
(415, 4, '706', 1, 50.00, 'm2', 7000.00, 350000.00, NULL),
(416, 4, '706', 2, 50.00, 'm2', 8000.00, 400000.00, NULL),
(417, 4, '801', 1, 85.00, 'm2', 7000.00, 595000.00, NULL),
(418, 4, '801', 2, 85.00, 'm2', 8000.00, 680000.00, NULL),
(419, 4, '802', 1, 85.00, 'm2', 7000.00, 595000.00, NULL),
(420, 4, '802', 2, 85.00, 'm2', 8000.00, 680000.00, NULL),
(421, 4, '803', 1, 65.00, 'm2', 7000.00, 455000.00, NULL),
(422, 4, '803', 2, 65.00, 'm2', 8000.00, 520000.00, NULL),
(423, 4, '804', 1, 65.00, 'm2', 7000.00, 455000.00, NULL),
(424, 4, '804', 2, 65.00, 'm2', 8000.00, 520000.00, NULL),
(425, 4, '805', 1, 50.00, 'm2', 7000.00, 350000.00, NULL),
(426, 4, '805', 2, 50.00, 'm2', 8000.00, 400000.00, NULL),
(427, 4, '806', 1, 50.00, 'm2', 7000.00, 350000.00, NULL),
(428, 4, '806', 2, 50.00, 'm2', 8000.00, 400000.00, NULL),
(429, 4, '901', 1, 85.00, 'm2', 7000.00, 595000.00, NULL),
(430, 4, '901', 2, 85.00, 'm2', 8000.00, 680000.00, NULL),
(431, 4, '902', 1, 85.00, 'm2', 7000.00, 595000.00, NULL),
(432, 4, '902', 2, 85.00, 'm2', 8000.00, 680000.00, NULL),
(433, 4, '903', 1, 65.00, 'm2', 7000.00, 455000.00, NULL),
(434, 4, '903', 2, 65.00, 'm2', 8000.00, 520000.00, NULL),
(435, 4, '904', 1, 65.00, 'm2', 7000.00, 455000.00, NULL),
(436, 4, '904', 2, 65.00, 'm2', 8000.00, 520000.00, NULL),
(437, 4, '905', 1, 50.00, 'm2', 7000.00, 350000.00, NULL),
(438, 4, '905', 2, 50.00, 'm2', 8000.00, 400000.00, NULL),
(439, 4, '906', 1, 50.00, 'm2', 7000.00, 350000.00, NULL),
(440, 4, '906', 2, 50.00, 'm2', 8000.00, 400000.00, NULL),
(441, 4, '1001', 1, 85.00, 'm2', 7000.00, 595000.00, NULL),
(442, 4, '1001', 2, 85.00, 'm2', 8000.00, 680000.00, NULL),
(443, 4, '1002', 1, 85.00, 'm2', 7000.00, 595000.00, NULL),
(444, 4, '1002', 2, 85.00, 'm2', 8000.00, 680000.00, NULL),
(445, 4, '1003', 1, 65.00, 'm2', 7000.00, 455000.00, NULL),
(446, 4, '1003', 2, 65.00, 'm2', 8000.00, 520000.00, NULL),
(447, 4, '1004', 1, 65.00, 'm2', 7000.00, 455000.00, NULL),
(448, 4, '1004', 2, 65.00, 'm2', 8000.00, 520000.00, NULL),
(449, 4, '1005', 1, 50.00, 'm2', 7000.00, 350000.00, NULL),
(450, 4, '1005', 2, 50.00, 'm2', 8000.00, 400000.00, NULL),
(451, 4, '1006', 1, 50.00, 'm2', 7000.00, 350000.00, NULL),
(452, 4, '1006', 2, 50.00, 'm2', 8000.00, 400000.00, NULL),
(453, 4, '1101', 1, 85.00, 'm2', 7000.00, 595000.00, NULL),
(454, 4, '1101', 2, 85.00, 'm2', 8000.00, 680000.00, NULL),
(455, 4, '1102', 1, 85.00, 'm2', 7000.00, 595000.00, NULL),
(456, 4, '1102', 2, 85.00, 'm2', 8000.00, 680000.00, NULL),
(457, 4, '1103', 1, 65.00, 'm2', 7000.00, 455000.00, NULL),
(458, 4, '1103', 2, 65.00, 'm2', 8000.00, 520000.00, NULL),
(459, 4, '1104', 1, 65.00, 'm2', 7000.00, 455000.00, NULL),
(460, 4, '1104', 2, 65.00, 'm2', 8000.00, 520000.00, NULL),
(461, 4, '1105', 1, 50.00, 'm2', 7000.00, 350000.00, NULL),
(462, 4, '1105', 2, 50.00, 'm2', 8000.00, 400000.00, NULL),
(463, 4, '1106', 1, 50.00, 'm2', 7000.00, 350000.00, NULL),
(464, 4, '1106', 2, 50.00, 'm2', 8000.00, 400000.00, NULL),
(465, 4, '1201', 1, 85.00, 'm2', 7000.00, 595000.00, NULL),
(466, 4, '1201', 2, 85.00, 'm2', 8000.00, 680000.00, NULL),
(467, 4, '1202', 1, 85.00, 'm2', 7000.00, 595000.00, NULL),
(468, 4, '1202', 2, 85.00, 'm2', 8000.00, 680000.00, NULL),
(469, 4, '1203', 1, 65.00, 'm2', 7000.00, 455000.00, NULL),
(470, 4, '1203', 2, 65.00, 'm2', 8000.00, 520000.00, NULL),
(471, 4, '1204', 1, 65.00, 'm2', 7000.00, 455000.00, NULL),
(472, 4, '1204', 2, 65.00, 'm2', 8000.00, 520000.00, NULL),
(473, 4, '1205', 1, 50.00, 'm2', 7000.00, 350000.00, NULL),
(474, 4, '1205', 2, 50.00, 'm2', 8000.00, 400000.00, NULL),
(475, 4, '1206', 1, 50.00, 'm2', 7000.00, 350000.00, NULL),
(476, 4, '1206', 2, 50.00, 'm2', 8000.00, 400000.00, NULL),
(477, 4, '1301', 1, 85.00, 'm2', 7000.00, 595000.00, NULL),
(478, 4, '1301', 2, 85.00, 'm2', 8000.00, 680000.00, NULL),
(479, 4, '1302', 1, 85.00, 'm2', 7000.00, 595000.00, NULL),
(480, 4, '1302', 2, 85.00, 'm2', 8000.00, 680000.00, NULL),
(481, 4, '1303', 1, 65.00, 'm2', 7000.00, 455000.00, NULL),
(482, 4, '1303', 2, 65.00, 'm2', 8000.00, 520000.00, NULL),
(483, 4, '1304', 1, 65.00, 'm2', 7000.00, 455000.00, NULL),
(484, 4, '1304', 2, 65.00, 'm2', 8000.00, 520000.00, NULL),
(485, 4, '1305', 1, 50.00, 'm2', 7000.00, 350000.00, NULL),
(486, 4, '1305', 2, 50.00, 'm2', 8000.00, 400000.00, NULL),
(487, 4, '1306', 1, 50.00, 'm2', 7000.00, 350000.00, NULL),
(488, 4, '1306', 2, 50.00, 'm2', 8000.00, 400000.00, NULL),
(489, 4, '1401', 1, 85.00, 'm2', 7000.00, 595000.00, NULL),
(490, 4, '1401', 2, 85.00, 'm2', 8000.00, 680000.00, NULL),
(491, 4, '1402', 1, 85.00, 'm2', 7000.00, 595000.00, NULL),
(492, 4, '1402', 2, 85.00, 'm2', 8000.00, 680000.00, NULL),
(493, 4, '1403', 1, 65.00, 'm2', 7000.00, 455000.00, NULL),
(494, 4, '1403', 2, 65.00, 'm2', 8000.00, 520000.00, NULL),
(495, 4, '1404', 1, 65.00, 'm2', 7000.00, 455000.00, NULL),
(496, 4, '1404', 2, 65.00, 'm2', 8000.00, 520000.00, NULL),
(497, 4, '1405', 1, 50.00, 'm2', 7000.00, 350000.00, NULL),
(498, 4, '1405', 2, 50.00, 'm2', 8000.00, 400000.00, NULL),
(499, 4, '1406', 1, 50.00, 'm2', 7000.00, 350000.00, NULL),
(500, 4, '1406', 2, 50.00, 'm2', 8000.00, 400000.00, NULL),
(501, 4, '1501', 1, 85.00, 'm2', 7000.00, 595000.00, NULL),
(502, 4, '1501', 2, 85.00, 'm2', 8000.00, 680000.00, NULL),
(503, 4, '1502', 1, 85.00, 'm2', 7000.00, 595000.00, NULL),
(504, 4, '1502', 2, 85.00, 'm2', 8000.00, 680000.00, NULL),
(505, 4, '1503', 1, 65.00, 'm2', 7000.00, 455000.00, NULL),
(506, 4, '1503', 2, 65.00, 'm2', 8000.00, 520000.00, NULL),
(507, 4, '1504', 1, 65.00, 'm2', 7000.00, 455000.00, NULL),
(508, 4, '1504', 2, 65.00, 'm2', 8000.00, 520000.00, NULL),
(509, 4, '1505', 1, 50.00, 'm2', 7000.00, 350000.00, NULL),
(510, 4, '1505', 2, 50.00, 'm2', 8000.00, 400000.00, NULL),
(511, 4, '1506', 1, 50.00, 'm2', 7000.00, 350000.00, NULL),
(512, 4, '1506', 2, 50.00, 'm2', 8000.00, 400000.00, NULL),
(513, 4, '1601', 1, 85.00, 'm2', 7000.00, 595000.00, NULL),
(514, 4, '1601', 2, 85.00, 'm2', 8000.00, 680000.00, NULL),
(515, 4, '1602', 1, 85.00, 'm2', 7000.00, 595000.00, NULL),
(516, 4, '1602', 2, 85.00, 'm2', 8000.00, 680000.00, NULL),
(517, 4, '1603', 1, 65.00, 'm2', 7000.00, 455000.00, NULL),
(518, 4, '1603', 2, 65.00, 'm2', 8000.00, 520000.00, NULL),
(519, 4, '1604', 1, 65.00, 'm2', 7000.00, 455000.00, NULL),
(520, 4, '1604', 2, 65.00, 'm2', 8000.00, 520000.00, NULL),
(521, 4, '1605', 1, 50.00, 'm2', 7000.00, 350000.00, NULL),
(522, 4, '1605', 2, 50.00, 'm2', 8000.00, 400000.00, NULL),
(523, 4, '1606', 1, 50.00, 'm2', 7000.00, 350000.00, NULL),
(524, 4, '1606', 2, 50.00, 'm2', 8000.00, 400000.00, NULL),
(525, 4, '1701', 1, 85.00, 'm2', 7000.00, 595000.00, NULL),
(526, 4, '1701', 2, 85.00, 'm2', 8000.00, 680000.00, NULL),
(527, 4, '1702', 1, 85.00, 'm2', 7000.00, 595000.00, NULL),
(528, 4, '1702', 2, 85.00, 'm2', 8000.00, 680000.00, NULL),
(529, 4, '1703', 1, 65.00, 'm2', 7000.00, 455000.00, NULL),
(530, 4, '1703', 2, 65.00, 'm2', 8000.00, 520000.00, NULL),
(531, 4, '1704', 1, 65.00, 'm2', 7000.00, 455000.00, NULL),
(532, 4, '1704', 2, 65.00, 'm2', 8000.00, 520000.00, NULL),
(533, 4, '1705', 1, 50.00, 'm2', 7000.00, 350000.00, NULL),
(534, 4, '1705', 2, 50.00, 'm2', 8000.00, 400000.00, NULL),
(535, 4, '1706', 1, 50.00, 'm2', 7000.00, 350000.00, NULL),
(536, 4, '1706', 2, 50.00, 'm2', 8000.00, 400000.00, NULL),
(537, 4, '1801', 1, 85.00, 'm2', 7000.00, 595000.00, NULL),
(538, 4, '1801', 2, 85.00, 'm2', 8000.00, 680000.00, NULL),
(539, 4, '1802', 1, 85.00, 'm2', 7000.00, 595000.00, NULL),
(540, 4, '1802', 2, 85.00, 'm2', 8000.00, 680000.00, NULL),
(541, 4, '1803', 1, 65.00, 'm2', 7000.00, 455000.00, NULL),
(542, 4, '1803', 2, 65.00, 'm2', 8000.00, 520000.00, NULL),
(543, 4, '1804', 1, 65.00, 'm2', 7000.00, 455000.00, NULL),
(544, 4, '1804', 2, 65.00, 'm2', 8000.00, 520000.00, NULL),
(545, 4, '1805', 1, 50.00, 'm2', 7000.00, 350000.00, NULL),
(546, 4, '1805', 2, 50.00, 'm2', 8000.00, 400000.00, NULL),
(547, 4, '1806', 1, 50.00, 'm2', 7000.00, 350000.00, NULL),
(548, 4, '1806', 2, 50.00, 'm2', 8000.00, 400000.00, NULL),
(549, 4, '1901', 1, 85.00, 'm2', 7000.00, 595000.00, NULL),
(550, 4, '1901', 2, 85.00, 'm2', 8000.00, 680000.00, NULL),
(551, 4, '1902', 1, 85.00, 'm2', 7000.00, 595000.00, NULL),
(552, 4, '1902', 2, 85.00, 'm2', 8000.00, 680000.00, NULL),
(553, 4, '1903', 1, 65.00, 'm2', 7000.00, 455000.00, NULL),
(554, 4, '1903', 2, 65.00, 'm2', 8000.00, 520000.00, NULL),
(555, 4, '1904', 1, 65.00, 'm2', 7000.00, 455000.00, NULL),
(556, 4, '1904', 2, 65.00, 'm2', 8000.00, 520000.00, NULL),
(557, 4, '1905', 1, 50.00, 'm2', 7000.00, 350000.00, NULL),
(558, 4, '1905', 2, 50.00, 'm2', 8000.00, 400000.00, NULL),
(559, 4, '1906', 1, 50.00, 'm2', 7000.00, 350000.00, NULL),
(560, 4, '1906', 2, 50.00, 'm2', 8000.00, 400000.00, NULL),
(561, 4, '2001', 1, 85.00, 'm2', 7000.00, 595000.00, NULL),
(562, 4, '2001', 2, 85.00, 'm2', 8000.00, 680000.00, NULL),
(563, 4, '2002', 1, 85.00, 'm2', 7000.00, 595000.00, NULL),
(564, 4, '2002', 2, 85.00, 'm2', 8000.00, 680000.00, NULL),
(565, 4, '2003', 1, 65.00, 'm2', 7000.00, 455000.00, NULL),
(566, 4, '2003', 2, 65.00, 'm2', 8000.00, 520000.00, NULL),
(567, 4, '2004', 1, 65.00, 'm2', 7000.00, 455000.00, NULL),
(568, 4, '2004', 2, 65.00, 'm2', 8000.00, 520000.00, NULL),
(569, 4, '2005', 1, 50.00, 'm2', 7000.00, 350000.00, NULL),
(570, 4, '2005', 2, 50.00, 'm2', 8000.00, 400000.00, NULL),
(571, 4, '2006', 1, 50.00, 'm2', 7000.00, 350000.00, NULL),
(572, 4, '2006', 2, 50.00, 'm2', 8000.00, 400000.00, NULL),
(573, 4, '2101', 1, 85.00, 'm2', 7000.00, 595000.00, NULL),
(574, 4, '2101', 2, 85.00, 'm2', 8000.00, 680000.00, NULL),
(575, 4, '2102', 1, 85.00, 'm2', 7000.00, 595000.00, NULL),
(576, 4, '2102', 2, 85.00, 'm2', 8000.00, 680000.00, NULL),
(577, 4, '2103', 1, 65.00, 'm2', 7000.00, 455000.00, NULL),
(578, 4, '2103', 2, 65.00, 'm2', 8000.00, 520000.00, NULL),
(579, 4, '2104', 1, 65.00, 'm2', 7000.00, 455000.00, NULL),
(580, 4, '2104', 2, 65.00, 'm2', 8000.00, 520000.00, NULL),
(581, 4, '2105', 1, 50.00, 'm2', 7000.00, 350000.00, NULL),
(582, 4, '2105', 2, 50.00, 'm2', 8000.00, 400000.00, NULL),
(583, 4, '2106', 1, 50.00, 'm2', 7000.00, 350000.00, NULL),
(584, 4, '2106', 2, 50.00, 'm2', 8000.00, 400000.00, NULL),
(585, 4, '2201', 1, 85.00, 'm2', 7000.00, 595000.00, NULL),
(586, 4, '2201', 2, 85.00, 'm2', 8000.00, 680000.00, NULL),
(587, 4, '2202', 1, 85.00, 'm2', 7000.00, 595000.00, NULL),
(588, 4, '2202', 2, 85.00, 'm2', 8000.00, 680000.00, NULL),
(589, 4, '2203', 1, 65.00, 'm2', 7000.00, 455000.00, NULL),
(590, 4, '2203', 2, 65.00, 'm2', 8000.00, 520000.00, NULL),
(591, 4, '2204', 1, 65.00, 'm2', 7000.00, 455000.00, NULL),
(592, 4, '2204', 2, 65.00, 'm2', 8000.00, 520000.00, NULL),
(593, 4, '2205', 1, 50.00, 'm2', 7000.00, 350000.00, NULL),
(594, 4, '2205', 2, 50.00, 'm2', 8000.00, 400000.00, NULL),
(595, 4, '2206', 1, 50.00, 'm2', 7000.00, 350000.00, NULL),
(596, 4, '2206', 2, 50.00, 'm2', 8000.00, 400000.00, NULL),
(597, 4, '2301', 1, 85.00, 'm2', 7000.00, 595000.00, NULL),
(598, 4, '2301', 2, 85.00, 'm2', 8000.00, 680000.00, NULL),
(599, 4, '2302', 1, 85.00, 'm2', 7000.00, 595000.00, NULL),
(600, 4, '2302', 2, 85.00, 'm2', 8000.00, 680000.00, NULL),
(601, 4, '2303', 1, 65.00, 'm2', 7000.00, 455000.00, NULL),
(602, 4, '2303', 2, 65.00, 'm2', 8000.00, 520000.00, NULL),
(603, 4, '2304', 1, 65.00, 'm2', 7000.00, 455000.00, NULL),
(604, 4, '2304', 2, 65.00, 'm2', 8000.00, 520000.00, NULL),
(605, 4, '2305', 1, 50.00, 'm2', 7000.00, 350000.00, NULL),
(606, 4, '2305', 2, 50.00, 'm2', 8000.00, 400000.00, NULL),
(607, 4, '2306', 1, 50.00, 'm2', 7000.00, 350000.00, NULL),
(608, 4, '2306', 2, 50.00, 'm2', 8000.00, 400000.00, NULL),
(609, 4, '2401', 1, 85.00, 'm2', 7000.00, 595000.00, NULL),
(610, 4, '2401', 2, 85.00, 'm2', 8000.00, 680000.00, NULL),
(611, 4, '2402', 1, 85.00, 'm2', 7000.00, 595000.00, NULL),
(612, 4, '2402', 2, 85.00, 'm2', 8000.00, 680000.00, NULL),
(613, 4, '2403', 1, 65.00, 'm2', 7000.00, 455000.00, NULL),
(614, 4, '2403', 2, 65.00, 'm2', 8000.00, 520000.00, NULL),
(615, 4, '2404', 1, 65.00, 'm2', 7000.00, 455000.00, NULL),
(616, 4, '2404', 2, 65.00, 'm2', 8000.00, 520000.00, NULL),
(617, 4, '2405', 1, 50.00, 'm2', 7000.00, 350000.00, NULL),
(618, 4, '2405', 2, 50.00, 'm2', 8000.00, 400000.00, NULL),
(619, 4, '2406', 1, 50.00, 'm2', 7000.00, 350000.00, NULL),
(620, 4, '2406', 2, 50.00, 'm2', 8000.00, 400000.00, NULL),
(621, 4, '2501', 1, 85.00, 'm2', 7000.00, 595000.00, NULL),
(622, 4, '2501', 2, 85.00, 'm2', 8000.00, 680000.00, NULL),
(623, 4, '2502', 1, 85.00, 'm2', 7000.00, 595000.00, NULL),
(624, 4, '2502', 2, 85.00, 'm2', 8000.00, 680000.00, NULL),
(625, 4, '2503', 1, 65.00, 'm2', 7000.00, 455000.00, NULL),
(626, 4, '2503', 2, 65.00, 'm2', 8000.00, 520000.00, NULL),
(627, 4, '2504', 1, 65.00, 'm2', 7000.00, 455000.00, NULL),
(628, 4, '2504', 2, 65.00, 'm2', 8000.00, 520000.00, NULL),
(629, 4, '2505', 1, 50.00, 'm2', 7000.00, 350000.00, NULL),
(630, 4, '2505', 2, 50.00, 'm2', 8000.00, 400000.00, NULL),
(631, 4, '2506', 1, 50.00, 'm2', 7000.00, 350000.00, NULL),
(632, 4, '2506', 2, 50.00, 'm2', 8000.00, 400000.00, NULL),
(633, 4, '2601', 1, 85.00, 'm2', 7000.00, 595000.00, NULL),
(634, 4, '2601', 2, 85.00, 'm2', 8000.00, 680000.00, NULL),
(635, 4, '2602', 1, 85.00, 'm2', 7000.00, 595000.00, NULL),
(636, 4, '2602', 2, 85.00, 'm2', 8000.00, 680000.00, NULL),
(637, 4, '2603', 1, 65.00, 'm2', 7000.00, 455000.00, NULL),
(638, 4, '2603', 2, 65.00, 'm2', 8000.00, 520000.00, NULL),
(639, 4, '2604', 1, 65.00, 'm2', 7000.00, 455000.00, NULL),
(640, 4, '2604', 2, 65.00, 'm2', 8000.00, 520000.00, NULL),
(641, 4, '2605', 1, 50.00, 'm2', 7000.00, 350000.00, NULL),
(642, 4, '2605', 2, 50.00, 'm2', 8000.00, 400000.00, NULL),
(643, 4, '2606', 1, 50.00, 'm2', 7000.00, 350000.00, NULL),
(644, 4, '2606', 2, 50.00, 'm2', 8000.00, 400000.00, NULL),
(645, 4, '2701', 1, 85.00, 'm2', 7000.00, 595000.00, NULL),
(646, 4, '2701', 2, 85.00, 'm2', 8000.00, 680000.00, NULL),
(647, 4, '2702', 1, 85.00, 'm2', 7000.00, 595000.00, NULL),
(648, 4, '2702', 2, 85.00, 'm2', 8000.00, 680000.00, NULL),
(649, 4, '2703', 1, 65.00, 'm2', 7000.00, 455000.00, NULL),
(650, 4, '2703', 2, 65.00, 'm2', 8000.00, 520000.00, NULL),
(651, 4, '2704', 1, 65.00, 'm2', 7000.00, 455000.00, NULL),
(652, 4, '2704', 2, 65.00, 'm2', 8000.00, 520000.00, NULL),
(653, 4, '2705', 1, 50.00, 'm2', 7000.00, 350000.00, NULL),
(654, 4, '2705', 2, 50.00, 'm2', 8000.00, 400000.00, NULL),
(655, 4, '2706', 1, 50.00, 'm2', 7000.00, 350000.00, NULL),
(656, 4, '2706', 2, 50.00, 'm2', 8000.00, 400000.00, NULL),
(657, 4, '2801', 1, 85.00, 'm2', 7000.00, 595000.00, NULL),
(658, 4, '2801', 2, 85.00, 'm2', 8000.00, 680000.00, NULL),
(659, 4, '2802', 1, 85.00, 'm2', 7000.00, 595000.00, NULL),
(660, 4, '2802', 2, 85.00, 'm2', 8000.00, 680000.00, NULL),
(661, 4, '2803', 1, 65.00, 'm2', 7000.00, 455000.00, NULL),
(662, 4, '2803', 2, 65.00, 'm2', 8000.00, 520000.00, NULL),
(663, 4, '2804', 1, 65.00, 'm2', 7000.00, 455000.00, NULL),
(664, 4, '2804', 2, 65.00, 'm2', 8000.00, 520000.00, NULL),
(665, 4, '2805', 1, 50.00, 'm2', 7000.00, 350000.00, NULL),
(666, 4, '2805', 2, 50.00, 'm2', 8000.00, 400000.00, NULL),
(667, 4, '2806', 1, 50.00, 'm2', 7000.00, 350000.00, NULL),
(668, 4, '2806', 2, 50.00, 'm2', 8000.00, 400000.00, NULL),
(669, 4, '2901', 1, 85.00, 'm2', 7000.00, 595000.00, NULL),
(670, 4, '2901', 2, 85.00, 'm2', 8000.00, 680000.00, NULL),
(671, 4, '2902', 1, 85.00, 'm2', 7000.00, 595000.00, NULL),
(672, 4, '2902', 2, 85.00, 'm2', 8000.00, 680000.00, NULL),
(673, 4, '2903', 1, 65.00, 'm2', 7000.00, 455000.00, NULL),
(674, 4, '2903', 2, 65.00, 'm2', 8000.00, 520000.00, NULL),
(675, 4, '2904', 1, 65.00, 'm2', 7000.00, 455000.00, NULL),
(676, 4, '2904', 2, 65.00, 'm2', 8000.00, 520000.00, NULL),
(677, 4, '2905', 1, 50.00, 'm2', 7000.00, 350000.00, NULL),
(678, 4, '2905', 2, 50.00, 'm2', 8000.00, 400000.00, NULL),
(679, 4, '2906', 1, 50.00, 'm2', 7000.00, 350000.00, NULL),
(680, 4, '2906', 2, 50.00, 'm2', 8000.00, 400000.00, NULL),
(681, 4, '3001', 1, 200.00, 'm2', 7000.00, 1400000.00, NULL),
(682, 4, '3001', 2, 200.00, 'm2', 8000.00, 1600000.00, NULL),
(683, 4, '3002', 1, 200.00, 'm2', 7000.00, 1400000.00, NULL),
(684, 4, '3002', 2, 200.00, 'm2', 8000.00, 1600000.00, NULL),
(685, 7, '601', 8, 70000.00, '', 1.00, 70000.00, NULL),
(686, 1, '601', 1, 85.00, 'm2', 7000.00, 595000.00, NULL),
(687, 1, '601', 2, 85.00, 'm2', 8000.00, 680000.00, NULL),
(688, 1, '602', 1, 85.00, 'm2', 7000.00, 595000.00, NULL),
(689, 1, '602', 2, 85.00, 'm2', 8000.00, 680000.00, NULL),
(690, 1, '603', 1, 65.00, 'm2', 7000.00, 455000.00, NULL),
(691, 1, '603', 2, 65.00, 'm2', 8000.00, 520000.00, NULL),
(692, 1, '604', 1, 65.00, 'm2', 7000.00, 455000.00, NULL),
(693, 1, '604', 2, 65.00, 'm2', 8000.00, 520000.00, NULL),
(694, 1, '605', 1, 50.00, 'm2', 7000.00, 350000.00, NULL),
(695, 1, '605', 2, 50.00, 'm2', 8000.00, 400000.00, NULL),
(696, 1, '606', 1, 50.00, 'm2', 7000.00, 350000.00, NULL),
(697, 1, '606', 2, 50.00, 'm2', 8000.00, 400000.00, NULL),
(698, 1, '701', 1, 85.00, 'm2', 7000.00, 595000.00, NULL),
(699, 1, '701', 2, 85.00, 'm2', 8000.00, 680000.00, NULL),
(700, 1, '702', 1, 85.00, 'm2', 7000.00, 595000.00, NULL),
(701, 1, '702', 2, 85.00, 'm2', 8000.00, 680000.00, NULL),
(702, 1, '703', 1, 65.00, 'm2', 7000.00, 455000.00, NULL),
(703, 1, '703', 2, 65.00, 'm2', 8000.00, 520000.00, NULL),
(704, 1, '704', 1, 65.00, 'm2', 7000.00, 455000.00, NULL),
(705, 1, '704', 2, 65.00, 'm2', 8000.00, 520000.00, NULL),
(706, 1, '705', 1, 50.00, 'm2', 7000.00, 350000.00, NULL),
(707, 1, '705', 2, 50.00, 'm2', 8000.00, 400000.00, NULL),
(708, 1, '706', 1, 50.00, 'm2', 7000.00, 350000.00, NULL),
(709, 1, '706', 2, 50.00, 'm2', 8000.00, 400000.00, NULL),
(710, 1, '801', 1, 85.00, 'm2', 7000.00, 595000.00, NULL),
(711, 1, '801', 2, 85.00, 'm2', 8000.00, 680000.00, NULL),
(712, 1, '802', 1, 85.00, 'm2', 7000.00, 595000.00, NULL),
(713, 1, '802', 2, 85.00, 'm2', 8000.00, 680000.00, NULL),
(714, 1, '803', 1, 65.00, 'm2', 7000.00, 455000.00, NULL),
(715, 1, '803', 2, 65.00, 'm2', 8000.00, 520000.00, NULL),
(716, 1, '804', 1, 65.00, 'm2', 7000.00, 455000.00, NULL),
(717, 1, '804', 2, 65.00, 'm2', 8000.00, 520000.00, NULL),
(718, 1, '805', 1, 50.00, 'm2', 7000.00, 350000.00, NULL),
(719, 1, '805', 2, 50.00, 'm2', 8000.00, 400000.00, NULL),
(720, 1, '806', 1, 50.00, 'm2', 7000.00, 350000.00, NULL),
(721, 1, '806', 2, 50.00, 'm2', 8000.00, 400000.00, NULL),
(722, 1, '901', 1, 85.00, 'm2', 7000.00, 595000.00, NULL),
(723, 1, '901', 2, 85.00, 'm2', 8000.00, 680000.00, NULL),
(724, 1, '902', 1, 85.00, 'm2', 7000.00, 595000.00, NULL),
(725, 1, '902', 2, 85.00, 'm2', 8000.00, 680000.00, NULL),
(726, 1, '903', 1, 65.00, 'm2', 7000.00, 455000.00, NULL),
(727, 1, '903', 2, 65.00, 'm2', 8000.00, 520000.00, NULL),
(728, 1, '904', 1, 65.00, 'm2', 7000.00, 455000.00, NULL),
(729, 1, '904', 2, 65.00, 'm2', 8000.00, 520000.00, NULL),
(730, 1, '905', 1, 50.00, 'm2', 7000.00, 350000.00, NULL),
(731, 1, '905', 2, 50.00, 'm2', 8000.00, 400000.00, NULL),
(732, 1, '906', 1, 50.00, 'm2', 7000.00, 350000.00, NULL),
(733, 1, '906', 2, 50.00, 'm2', 8000.00, 400000.00, NULL),
(734, 1, '1001', 1, 85.00, 'm2', 7000.00, 595000.00, NULL),
(735, 1, '1001', 2, 85.00, 'm2', 8000.00, 680000.00, NULL),
(736, 1, '1002', 1, 85.00, 'm2', 7000.00, 595000.00, NULL),
(737, 1, '1002', 2, 85.00, 'm2', 8000.00, 680000.00, NULL),
(738, 1, '1003', 1, 65.00, 'm2', 7000.00, 455000.00, NULL),
(739, 1, '1003', 2, 65.00, 'm2', 8000.00, 520000.00, NULL),
(740, 1, '1004', 1, 65.00, 'm2', 7000.00, 455000.00, NULL),
(741, 1, '1004', 2, 65.00, 'm2', 8000.00, 520000.00, NULL),
(742, 1, '1005', 1, 50.00, 'm2', 7000.00, 350000.00, NULL),
(743, 1, '1005', 2, 50.00, 'm2', 8000.00, 400000.00, NULL),
(744, 1, '1006', 1, 50.00, 'm2', 7000.00, 350000.00, NULL),
(745, 1, '1006', 2, 50.00, 'm2', 8000.00, 400000.00, NULL),
(746, 1, '1101', 1, 85.00, 'm2', 7000.00, 595000.00, NULL),
(747, 1, '1101', 2, 85.00, 'm2', 8000.00, 680000.00, NULL),
(748, 1, '1102', 1, 85.00, 'm2', 7000.00, 595000.00, NULL),
(749, 1, '1102', 2, 85.00, 'm2', 8000.00, 680000.00, NULL),
(750, 1, '1103', 1, 65.00, 'm2', 7000.00, 455000.00, NULL),
(751, 1, '1103', 2, 65.00, 'm2', 8000.00, 520000.00, NULL),
(752, 1, '1104', 1, 65.00, 'm2', 7000.00, 455000.00, NULL),
(753, 1, '1104', 2, 65.00, 'm2', 8000.00, 520000.00, NULL),
(754, 1, '1105', 1, 50.00, 'm2', 7000.00, 350000.00, NULL),
(755, 1, '1105', 2, 50.00, 'm2', 8000.00, 400000.00, NULL),
(756, 1, '1106', 1, 50.00, 'm2', 7000.00, 350000.00, NULL),
(757, 1, '1106', 2, 50.00, 'm2', 8000.00, 400000.00, NULL),
(758, 1, '1201', 1, 85.00, 'm2', 7000.00, 595000.00, NULL),
(759, 1, '1201', 2, 85.00, 'm2', 8000.00, 680000.00, NULL),
(760, 1, '1202', 1, 85.00, 'm2', 7000.00, 595000.00, NULL),
(761, 1, '1202', 2, 85.00, 'm2', 8000.00, 680000.00, NULL),
(762, 1, '1203', 1, 65.00, 'm2', 7000.00, 455000.00, NULL),
(763, 1, '1203', 2, 65.00, 'm2', 8000.00, 520000.00, NULL),
(764, 1, '1204', 1, 65.00, 'm2', 7000.00, 455000.00, NULL),
(765, 1, '1204', 2, 65.00, 'm2', 8000.00, 520000.00, NULL),
(766, 1, '1205', 1, 50.00, 'm2', 7000.00, 350000.00, NULL),
(767, 1, '1205', 2, 50.00, 'm2', 8000.00, 400000.00, NULL),
(768, 1, '1206', 1, 50.00, 'm2', 7000.00, 350000.00, NULL),
(769, 1, '1206', 2, 50.00, 'm2', 8000.00, 400000.00, NULL),
(770, 1, '1301', 1, 85.00, 'm2', 7000.00, 595000.00, NULL),
(771, 1, '1301', 2, 85.00, 'm2', 8000.00, 680000.00, NULL),
(772, 1, '1302', 1, 85.00, 'm2', 7000.00, 595000.00, NULL),
(773, 1, '1302', 2, 85.00, 'm2', 8000.00, 680000.00, NULL),
(774, 1, '1303', 1, 65.00, 'm2', 7000.00, 455000.00, NULL),
(775, 1, '1303', 2, 65.00, 'm2', 8000.00, 520000.00, NULL),
(776, 1, '1304', 1, 65.00, 'm2', 7000.00, 455000.00, NULL),
(777, 1, '1304', 2, 65.00, 'm2', 8000.00, 520000.00, NULL),
(778, 1, '1305', 1, 50.00, 'm2', 7000.00, 350000.00, NULL),
(779, 1, '1305', 2, 50.00, 'm2', 8000.00, 400000.00, NULL),
(780, 1, '1306', 1, 50.00, 'm2', 7000.00, 350000.00, NULL),
(781, 1, '1306', 2, 50.00, 'm2', 8000.00, 400000.00, NULL),
(782, 1, '1401', 1, 85.00, 'm2', 7000.00, 595000.00, NULL),
(783, 1, '1401', 2, 85.00, 'm2', 8000.00, 680000.00, NULL),
(784, 1, '1402', 1, 85.00, 'm2', 7000.00, 595000.00, NULL),
(785, 1, '1402', 2, 85.00, 'm2', 8000.00, 680000.00, NULL),
(786, 1, '1403', 1, 65.00, 'm2', 7000.00, 455000.00, NULL),
(787, 1, '1403', 2, 65.00, 'm2', 8000.00, 520000.00, NULL),
(788, 1, '1404', 1, 65.00, 'm2', 7000.00, 455000.00, NULL),
(789, 1, '1404', 2, 65.00, 'm2', 8000.00, 520000.00, NULL),
(790, 1, '1405', 1, 50.00, 'm2', 7000.00, 350000.00, NULL),
(791, 1, '1405', 2, 50.00, 'm2', 8000.00, 400000.00, NULL),
(792, 1, '1406', 1, 50.00, 'm2', 7000.00, 350000.00, NULL),
(793, 1, '1406', 2, 50.00, 'm2', 8000.00, 400000.00, NULL),
(794, 1, '1501', 1, 85.00, 'm2', 7000.00, 595000.00, NULL),
(795, 1, '1501', 2, 85.00, 'm2', 8000.00, 680000.00, NULL),
(796, 1, '1502', 1, 85.00, 'm2', 7000.00, 595000.00, NULL),
(797, 1, '1502', 2, 85.00, 'm2', 8000.00, 680000.00, NULL),
(798, 1, '1503', 1, 65.00, 'm2', 7000.00, 455000.00, NULL),
(799, 1, '1503', 2, 65.00, 'm2', 8000.00, 520000.00, NULL),
(800, 1, '1504', 1, 65.00, 'm2', 7000.00, 455000.00, NULL),
(801, 1, '1504', 2, 65.00, 'm2', 8000.00, 520000.00, NULL),
(802, 1, '1505', 1, 50.00, 'm2', 7000.00, 350000.00, NULL),
(803, 1, '1505', 2, 50.00, 'm2', 8000.00, 400000.00, NULL),
(804, 1, '1506', 1, 50.00, 'm2', 7000.00, 350000.00, NULL),
(805, 1, '1506', 2, 50.00, 'm2', 8000.00, 400000.00, NULL),
(806, 1, '1601', 1, 85.00, 'm2', 7000.00, 595000.00, NULL),
(807, 1, '1601', 2, 85.00, 'm2', 8000.00, 680000.00, NULL),
(808, 1, '1602', 1, 85.00, 'm2', 7000.00, 595000.00, NULL),
(809, 1, '1602', 2, 85.00, 'm2', 8000.00, 680000.00, NULL),
(810, 1, '1603', 1, 65.00, 'm2', 7000.00, 455000.00, NULL),
(811, 1, '1603', 2, 65.00, 'm2', 8000.00, 520000.00, NULL),
(812, 1, '1604', 1, 65.00, 'm2', 7000.00, 455000.00, NULL),
(813, 1, '1604', 2, 65.00, 'm2', 8000.00, 520000.00, NULL),
(814, 1, '1605', 1, 50.00, 'm2', 7000.00, 350000.00, NULL),
(815, 1, '1605', 2, 50.00, 'm2', 8000.00, 400000.00, NULL),
(816, 1, '1606', 1, 50.00, 'm2', 7000.00, 350000.00, NULL),
(817, 1, '1606', 2, 50.00, 'm2', 8000.00, 400000.00, NULL),
(818, 1, '1701', 1, 85.00, 'm2', 7000.00, 595000.00, NULL),
(819, 1, '1701', 2, 85.00, 'm2', 8000.00, 680000.00, NULL),
(820, 1, '1702', 1, 85.00, 'm2', 7000.00, 595000.00, NULL),
(821, 1, '1702', 2, 85.00, 'm2', 8000.00, 680000.00, NULL),
(822, 1, '1703', 1, 65.00, 'm2', 7000.00, 455000.00, NULL),
(823, 1, '1703', 2, 65.00, 'm2', 8000.00, 520000.00, NULL),
(824, 1, '1704', 1, 65.00, 'm2', 7000.00, 455000.00, NULL),
(825, 1, '1704', 2, 65.00, 'm2', 8000.00, 520000.00, NULL),
(826, 1, '1705', 1, 50.00, 'm2', 7000.00, 350000.00, NULL),
(827, 1, '1705', 2, 50.00, 'm2', 8000.00, 400000.00, NULL),
(828, 1, '1706', 1, 50.00, 'm2', 7000.00, 350000.00, NULL),
(829, 1, '1706', 2, 50.00, 'm2', 8000.00, 400000.00, NULL),
(830, 1, '1801', 1, 85.00, 'm2', 7000.00, 595000.00, NULL),
(831, 1, '1801', 2, 85.00, 'm2', 8000.00, 680000.00, NULL),
(832, 1, '1802', 1, 85.00, 'm2', 7000.00, 595000.00, NULL),
(833, 1, '1802', 2, 85.00, 'm2', 8000.00, 680000.00, NULL),
(834, 1, '1803', 1, 65.00, 'm2', 7000.00, 455000.00, NULL),
(835, 1, '1803', 2, 65.00, 'm2', 8000.00, 520000.00, NULL),
(836, 1, '1804', 1, 65.00, 'm2', 7000.00, 455000.00, NULL),
(837, 1, '1804', 2, 65.00, 'm2', 8000.00, 520000.00, NULL),
(838, 1, '1805', 1, 50.00, 'm2', 7000.00, 350000.00, NULL),
(839, 1, '1805', 2, 50.00, 'm2', 8000.00, 400000.00, NULL),
(840, 1, '1806', 1, 50.00, 'm2', 7000.00, 350000.00, NULL),
(841, 1, '1806', 2, 50.00, 'm2', 8000.00, 400000.00, NULL),
(842, 1, '1901', 1, 85.00, 'm2', 7000.00, 595000.00, NULL),
(843, 1, '1901', 2, 85.00, 'm2', 8000.00, 680000.00, NULL),
(844, 1, '1902', 1, 85.00, 'm2', 7000.00, 595000.00, NULL),
(845, 1, '1902', 2, 85.00, 'm2', 8000.00, 680000.00, NULL),
(846, 1, '1903', 1, 65.00, 'm2', 7000.00, 455000.00, NULL),
(847, 1, '1903', 2, 65.00, 'm2', 8000.00, 520000.00, NULL),
(848, 1, '1904', 1, 65.00, 'm2', 7000.00, 455000.00, NULL),
(849, 1, '1904', 2, 65.00, 'm2', 8000.00, 520000.00, NULL),
(850, 1, '1905', 1, 50.00, 'm2', 7000.00, 350000.00, NULL),
(851, 1, '1905', 2, 50.00, 'm2', 8000.00, 400000.00, NULL),
(852, 1, '1906', 1, 50.00, 'm2', 7000.00, 350000.00, NULL),
(853, 1, '1906', 2, 50.00, 'm2', 8000.00, 400000.00, NULL),
(854, 1, '2001', 1, 85.00, 'm2', 7000.00, 595000.00, NULL),
(855, 1, '2001', 2, 85.00, 'm2', 8000.00, 680000.00, NULL),
(856, 1, '2002', 1, 85.00, 'm2', 7000.00, 595000.00, NULL),
(857, 1, '2002', 2, 85.00, 'm2', 8000.00, 680000.00, NULL),
(858, 1, '2003', 1, 65.00, 'm2', 7000.00, 455000.00, NULL),
(859, 1, '2003', 2, 65.00, 'm2', 8000.00, 520000.00, NULL),
(860, 1, '2004', 1, 65.00, 'm2', 7000.00, 455000.00, NULL),
(861, 1, '2004', 2, 65.00, 'm2', 8000.00, 520000.00, NULL),
(862, 1, '2005', 1, 50.00, 'm2', 7000.00, 350000.00, NULL),
(863, 1, '2005', 2, 50.00, 'm2', 8000.00, 400000.00, NULL),
(864, 1, '2006', 1, 50.00, 'm2', 7000.00, 350000.00, NULL),
(865, 1, '2006', 2, 50.00, 'm2', 8000.00, 400000.00, NULL),
(866, 1, '2101', 1, 85.00, 'm2', 7000.00, 595000.00, NULL),
(867, 1, '2101', 2, 85.00, 'm2', 8000.00, 680000.00, NULL),
(868, 1, '2102', 1, 85.00, 'm2', 7000.00, 595000.00, NULL),
(869, 1, '2102', 2, 85.00, 'm2', 8000.00, 680000.00, NULL),
(870, 1, '2103', 1, 65.00, 'm2', 7000.00, 455000.00, NULL),
(871, 1, '2103', 2, 65.00, 'm2', 8000.00, 520000.00, NULL),
(872, 1, '2104', 1, 65.00, 'm2', 7000.00, 455000.00, NULL),
(873, 1, '2104', 2, 65.00, 'm2', 8000.00, 520000.00, NULL),
(874, 1, '2105', 1, 50.00, 'm2', 7000.00, 350000.00, NULL),
(875, 1, '2105', 2, 50.00, 'm2', 8000.00, 400000.00, NULL),
(876, 1, '2106', 1, 50.00, 'm2', 7000.00, 350000.00, NULL),
(877, 1, '2106', 2, 50.00, 'm2', 8000.00, 400000.00, NULL),
(878, 1, '2201', 1, 85.00, 'm2', 7000.00, 595000.00, NULL),
(879, 1, '2201', 2, 85.00, 'm2', 8000.00, 680000.00, NULL),
(880, 1, '2202', 1, 85.00, 'm2', 7000.00, 595000.00, NULL),
(881, 1, '2202', 2, 85.00, 'm2', 8000.00, 680000.00, NULL),
(882, 1, '2203', 1, 65.00, 'm2', 7000.00, 455000.00, NULL),
(883, 1, '2203', 2, 65.00, 'm2', 8000.00, 520000.00, NULL),
(884, 1, '2204', 1, 65.00, 'm2', 7000.00, 455000.00, NULL),
(885, 1, '2204', 2, 65.00, 'm2', 8000.00, 520000.00, NULL),
(886, 1, '2205', 1, 50.00, 'm2', 7000.00, 350000.00, NULL),
(887, 1, '2205', 2, 50.00, 'm2', 8000.00, 400000.00, NULL),
(888, 1, '2206', 1, 50.00, 'm2', 7000.00, 350000.00, NULL),
(889, 1, '2206', 2, 50.00, 'm2', 8000.00, 400000.00, NULL),
(890, 1, '2301', 1, 85.00, 'm2', 7000.00, 595000.00, NULL),
(891, 1, '2301', 2, 85.00, 'm2', 8000.00, 680000.00, NULL),
(892, 1, '2302', 1, 85.00, 'm2', 7000.00, 595000.00, NULL),
(893, 1, '2302', 2, 85.00, 'm2', 8000.00, 680000.00, NULL),
(894, 1, '2303', 1, 65.00, 'm2', 7000.00, 455000.00, NULL),
(895, 1, '2303', 2, 65.00, 'm2', 8000.00, 520000.00, NULL),
(896, 1, '2304', 1, 65.00, 'm2', 7000.00, 455000.00, NULL),
(897, 1, '2304', 2, 65.00, 'm2', 8000.00, 520000.00, NULL),
(898, 1, '2305', 1, 50.00, 'm2', 7000.00, 350000.00, NULL),
(899, 1, '2305', 2, 50.00, 'm2', 8000.00, 400000.00, NULL),
(900, 1, '2306', 1, 50.00, 'm2', 7000.00, 350000.00, NULL),
(901, 1, '2306', 2, 50.00, 'm2', 8000.00, 400000.00, NULL),
(902, 1, '2401', 1, 85.00, 'm2', 7000.00, 595000.00, NULL),
(903, 1, '2401', 2, 85.00, 'm2', 8000.00, 680000.00, NULL),
(904, 1, '2402', 1, 85.00, 'm2', 7000.00, 595000.00, NULL),
(905, 1, '2402', 2, 85.00, 'm2', 8000.00, 680000.00, NULL),
(906, 1, '2403', 1, 65.00, 'm2', 7000.00, 455000.00, NULL),
(907, 1, '2403', 2, 65.00, 'm2', 8000.00, 520000.00, NULL),
(908, 1, '2404', 1, 65.00, 'm2', 7000.00, 455000.00, NULL),
(909, 1, '2404', 2, 65.00, 'm2', 8000.00, 520000.00, NULL),
(910, 1, '2405', 1, 50.00, 'm2', 7000.00, 350000.00, NULL),
(911, 1, '2405', 2, 50.00, 'm2', 8000.00, 400000.00, NULL),
(912, 1, '2406', 1, 50.00, 'm2', 7000.00, 350000.00, NULL),
(913, 1, '2406', 2, 50.00, 'm2', 8000.00, 400000.00, NULL),
(914, 1, '2501', 1, 85.00, 'm2', 7000.00, 595000.00, NULL),
(915, 1, '2501', 2, 85.00, 'm2', 8000.00, 680000.00, NULL),
(916, 1, '2502', 1, 85.00, 'm2', 7000.00, 595000.00, NULL),
(917, 1, '2502', 2, 85.00, 'm2', 8000.00, 680000.00, NULL),
(918, 1, '2503', 1, 65.00, 'm2', 7000.00, 455000.00, NULL),
(919, 1, '2503', 2, 65.00, 'm2', 8000.00, 520000.00, NULL),
(920, 1, '2504', 1, 65.00, 'm2', 7000.00, 455000.00, NULL),
(921, 1, '2504', 2, 65.00, 'm2', 8000.00, 520000.00, NULL),
(922, 1, '2505', 1, 50.00, 'm2', 7000.00, 350000.00, NULL),
(923, 1, '2505', 2, 50.00, 'm2', 8000.00, 400000.00, NULL),
(924, 1, '2506', 1, 50.00, 'm2', 7000.00, 350000.00, NULL),
(925, 1, '2506', 2, 50.00, 'm2', 8000.00, 400000.00, NULL),
(926, 1, '2601', 1, 85.00, 'm2', 7000.00, 595000.00, NULL),
(927, 1, '2601', 2, 85.00, 'm2', 8000.00, 680000.00, NULL),
(928, 1, '2602', 1, 85.00, 'm2', 7000.00, 595000.00, NULL),
(929, 1, '2602', 2, 85.00, 'm2', 8000.00, 680000.00, NULL),
(930, 1, '2603', 1, 65.00, 'm2', 7000.00, 455000.00, NULL),
(931, 1, '2603', 2, 65.00, 'm2', 8000.00, 520000.00, NULL),
(932, 1, '2604', 1, 65.00, 'm2', 7000.00, 455000.00, NULL),
(933, 1, '2604', 2, 65.00, 'm2', 8000.00, 520000.00, NULL),
(934, 1, '2605', 1, 50.00, 'm2', 7000.00, 350000.00, NULL),
(935, 1, '2605', 2, 50.00, 'm2', 8000.00, 400000.00, NULL),
(936, 1, '2606', 1, 50.00, 'm2', 7000.00, 350000.00, NULL),
(937, 1, '2606', 2, 50.00, 'm2', 8000.00, 400000.00, NULL),
(938, 1, '2701', 1, 85.00, 'm2', 7000.00, 595000.00, NULL),
(939, 1, '2701', 2, 85.00, 'm2', 8000.00, 680000.00, NULL),
(940, 1, '2702', 1, 85.00, 'm2', 7000.00, 595000.00, NULL),
(941, 1, '2702', 2, 85.00, 'm2', 8000.00, 680000.00, NULL),
(942, 1, '2703', 1, 65.00, 'm2', 7000.00, 455000.00, NULL),
(943, 1, '2703', 2, 65.00, 'm2', 8000.00, 520000.00, NULL),
(944, 1, '2704', 1, 65.00, 'm2', 7000.00, 455000.00, NULL),
(945, 1, '2704', 2, 65.00, 'm2', 8000.00, 520000.00, NULL),
(946, 1, '2705', 1, 50.00, 'm2', 7000.00, 350000.00, NULL),
(947, 1, '2705', 2, 50.00, 'm2', 8000.00, 400000.00, NULL),
(948, 1, '2706', 1, 50.00, 'm2', 7000.00, 350000.00, NULL),
(949, 1, '2706', 2, 50.00, 'm2', 8000.00, 400000.00, NULL),
(950, 1, '2801', 1, 85.00, 'm2', 7000.00, 595000.00, NULL),
(951, 1, '2801', 2, 85.00, 'm2', 8000.00, 680000.00, NULL),
(952, 1, '2802', 1, 85.00, 'm2', 7000.00, 595000.00, NULL),
(953, 1, '2802', 2, 85.00, 'm2', 8000.00, 680000.00, NULL),
(954, 1, '2803', 1, 65.00, 'm2', 7000.00, 455000.00, NULL),
(955, 1, '2803', 2, 65.00, 'm2', 8000.00, 520000.00, NULL),
(956, 1, '2804', 1, 65.00, 'm2', 7000.00, 455000.00, NULL),
(957, 1, '2804', 2, 65.00, 'm2', 8000.00, 520000.00, NULL),
(958, 1, '2805', 1, 50.00, 'm2', 7000.00, 350000.00, NULL),
(959, 1, '2805', 2, 50.00, 'm2', 8000.00, 400000.00, NULL),
(960, 1, '2806', 1, 50.00, 'm2', 7000.00, 350000.00, NULL),
(961, 1, '2806', 2, 50.00, 'm2', 8000.00, 400000.00, NULL),
(962, 1, '2901', 1, 85.00, 'm2', 7000.00, 595000.00, NULL),
(963, 1, '2901', 2, 85.00, 'm2', 8000.00, 680000.00, NULL),
(964, 1, '2902', 1, 85.00, 'm2', 7000.00, 595000.00, NULL),
(965, 1, '2902', 2, 85.00, 'm2', 8000.00, 680000.00, NULL),
(966, 1, '2903', 1, 65.00, 'm2', 7000.00, 455000.00, NULL),
(967, 1, '2903', 2, 65.00, 'm2', 8000.00, 520000.00, NULL),
(968, 1, '2904', 1, 65.00, 'm2', 7000.00, 455000.00, NULL),
(969, 1, '2904', 2, 65.00, 'm2', 8000.00, 520000.00, NULL),
(970, 1, '2905', 1, 50.00, 'm2', 7000.00, 350000.00, NULL),
(971, 1, '2905', 2, 50.00, 'm2', 8000.00, 400000.00, NULL),
(972, 1, '2906', 1, 50.00, 'm2', 7000.00, 350000.00, NULL),
(973, 1, '2906', 2, 50.00, 'm2', 8000.00, 400000.00, NULL),
(974, 1, '3001', 1, 200.00, 'm2', 7000.00, 1400000.00, NULL),
(975, 1, '3001', 2, 200.00, 'm2', 8000.00, 1600000.00, NULL),
(976, 1, '3002', 1, 200.00, 'm2', 7000.00, 1400000.00, NULL),
(977, 1, '3002', 2, 200.00, 'm2', 8000.00, 1600000.00, NULL),
(982, 4, '601', 1, 85.00, 'm2', 7000.00, 595000.00, NULL),
(983, 4, '601', 2, 85.00, 'm2', 8000.00, 680000.00, NULL),
(984, 4, '601', 3, 2.00, 'motorbike', 70000.00, 140000.00, NULL),
(988, 4, '603', 1, 65.00, 'm2', 7000.00, 455000.00, NULL),
(989, 4, '603', 2, 65.00, 'm2', 8000.00, 520000.00, NULL),
(990, 4, '603', 3, 1.00, 'motorbike', 70000.00, 70000.00, NULL),
(991, 4, '602', 1, 85.00, 'm2', 7000.00, 595000.00, NULL),
(992, 4, '602', 2, 85.00, 'm2', 8000.00, 680000.00, NULL),
(993, 4, '602', 3, 1.00, 'motorbike', 70000.00, 70000.00, NULL),
(994, 4, '602', 4, 1.00, 'car', 1200000.00, 1200000.00, NULL),
(995, 4, '601', 5, 202.00, 'kWh', 3000.00, 606000.00, NULL),
(996, 4, '602', 5, 448.00, 'kWh', 3000.00, 1344000.00, NULL),
(997, 4, '603', 5, 370.00, 'kWh', 3000.00, 1110000.00, NULL),
(998, 4, '604', 5, 206.00, 'kWh', 3000.00, 618000.00, NULL),
(999, 4, '605', 5, 171.00, 'kWh', 3000.00, 513000.00, NULL),
(1000, 4, '606', 5, 288.00, 'kWh', 3000.00, 864000.00, NULL),
(1001, 4, '601', 6, 202.00, 'm3', 7000.00, 1414000.00, NULL),
(1002, 4, '602', 6, 448.00, 'm3', 7000.00, 3136000.00, NULL),
(1003, 4, '603', 6, 370.00, 'm3', 7000.00, 2590000.00, NULL),
(1004, 4, '604', 6, 206.00, 'm3', 7000.00, 1442000.00, NULL),
(1005, 4, '605', 6, 171.00, 'm3', 7000.00, 1197000.00, NULL),
(1006, 4, '606', 6, 288.00, 'm3', 7000.00, 2016000.00, NULL),
(1007, 4, '601', 7, 1.00, 'gói', 300000.00, 300000.00, NULL),
(1008, 4, '602', 7, 1.00, 'gói', 250000.00, 250000.00, NULL),
(1009, 4, '603', 7, 1.00, 'gói', 180000.00, 180000.00, NULL),
(1010, 4, '604', 7, 1.00, 'gói', 180000.00, 180000.00, NULL),
(1011, 4, '605', 7, 1.00, 'gói', 300000.00, 300000.00, NULL),
(1012, 4, '606', 7, 1.00, 'gói', 250000.00, 250000.00, NULL),
(1013, 9, '601', 1, 85.00, 'm2', 7000.00, 595000.00, NULL),
(1014, 9, '601', 2, 85.00, 'm2', 8000.00, 680000.00, NULL),
(1015, 9, '601', 3, 2.00, 'motorbike', 70000.00, 140000.00, NULL),
(1016, 9, '601', 8, 70000.00, '', 1.00, 70000.00, NULL),
(1017, 9, '601', 5, 202.00, 'kWh', 3000.00, 606000.00, NULL),
(1018, 9, '602', 5, 448.00, 'kWh', 3000.00, 1344000.00, NULL),
(1019, 9, '603', 5, 370.00, 'kWh', 3000.00, 1110000.00, NULL),
(1020, 9, '604', 5, 206.00, 'kWh', 3000.00, 618000.00, NULL),
(1021, 9, '605', 5, 171.00, 'kWh', 3000.00, 513000.00, NULL),
(1022, 9, '606', 5, 288.00, 'kWh', 3000.00, 864000.00, NULL),
(1023, 9, '601', 7, 1.00, 'gói', 300000.00, 300000.00, NULL),
(1024, 9, '602', 7, 1.00, 'gói', 250000.00, 250000.00, NULL),
(1025, 9, '603', 7, 1.00, 'gói', 180000.00, 180000.00, NULL),
(1026, 9, '604', 7, 1.00, 'gói', 180000.00, 180000.00, NULL),
(1027, 9, '605', 7, 1.00, 'gói', 300000.00, 300000.00, NULL),
(1028, 9, '606', 7, 1.00, 'gói', 250000.00, 250000.00, NULL),
(1029, 9, '601', 6, 202.00, 'm3', 7000.00, 1414000.00, NULL),
(1030, 9, '602', 6, 448.00, 'm3', 7000.00, 3136000.00, NULL),
(1031, 9, '603', 6, 370.00, 'm3', 7000.00, 2590000.00, NULL),
(1032, 9, '604', 6, 206.00, 'm3', 7000.00, 1442000.00, NULL),
(1033, 9, '605', 6, 171.00, 'm3', 7000.00, 1197000.00, NULL),
(1034, 9, '606', 6, 288.00, 'm3', 7000.00, 2016000.00, NULL);

-- --------------------------------------------------------

--
-- Cấu trúc bảng cho bảng `collection_periods`
--

CREATE TABLE `collection_periods` (
  `id` int(11) NOT NULL,
  `name` varchar(100) CHARACTER SET utf8mb4 COLLATE utf8mb4_bin NOT NULL,
  `start_date` date NOT NULL,
  `end_date` date NOT NULL,
  `type` enum('monthly','quarterly','yearly') NOT NULL,
  `code` varchar(50) NOT NULL
) ENGINE=InnoDB DEFAULT CHARSET=utf8mb4 COLLATE=utf8mb4_general_ci;

--
-- Đang đổ dữ liệu cho bảng `collection_periods`
--

INSERT INTO `collection_periods` (`id`, `name`, `start_date`, `end_date`, `type`, `code`) VALUES
(1, 'Tháng 6/2025', '2025-06-01', '2025-06-30', 'monthly', 'T6_2025'),
(2, 'Tháng 7/2025', '2025-07-01', '2025-07-31', 'monthly', 'T7_2025'),
(3, 'Quý 3/2025', '2025-07-01', '2025-09-30', 'quarterly', 'Q3_2025'),
(4, 'Tháng 5/2025', '2025-05-01', '2025-05-31', 'monthly', 'T5_2025'),
(7, 'Quý 2/2025', '2025-04-01', '2025-06-30', 'quarterly', 'Q2_2025'),
(9, 'a', '2025-01-01', '2025-01-31', 'monthly', 'a');

-- --------------------------------------------------------

--
-- Cấu trúc bảng cho bảng `payments`
--

CREATE TABLE `payments` (
  `id` int(11) NOT NULL,
  `room_number` varchar(20) NOT NULL,
  `collection_period_id` int(11) NOT NULL,
  `paid_amount` decimal(12,2) NOT NULL,
  `payment_date` date NOT NULL,
  `note` varchar(255) DEFAULT NULL,
  `debt_amount` decimal(12,2) DEFAULT 0.00,
  `excess_amount` decimal(12,2) DEFAULT 0.00
) ENGINE=InnoDB DEFAULT CHARSET=utf8mb4 COLLATE=utf8mb4_general_ci;

--
-- Đang đổ dữ liệu cho bảng `payments`
--

INSERT INTO `payments` (`id`, `room_number`, `collection_period_id`, `paid_amount`, `payment_date`, `note`, `debt_amount`, `excess_amount`) VALUES
(48, '602', 4, 7275000.00, '2025-05-16', 'Thanh toán phí tháng 5/2025', 0.00, 0.00),
(49, '603', 4, 5075000.00, '2025-05-16', 'Thanh toán phí tháng 5/2025', 0.00, 150000.00),
(50, '604', 4, 975000.00, '2025-05-16', 'Thanh toán phí tháng 5/2025', 2240000.00, 0.00),
(51, '701', 4, 1275000.00, '2025-05-16', 'Thanh toán phí tháng 5/2025', 0.00, 0.00),
(52, '804', 1, 975000.00, '2025-06-16', 'Thanh toán phí tháng 6/2025', 0.00, 0.00),
(53, '906', 1, 750000.00, '2025-06-16', 'Thanh toán phí tháng 6/2025', 0.00, 0.00),
(55, '601', 4, 3735000.00, '2025-05-16', 'Thanh toán phí tháng 5/2025', 0.00, 0.00),
(56, '601', 9, 1500000.00, '2025-06-16', 'Thanh toán phí a', 0.00, 0.00),
(58, '602', 9, 1500000.00, '2025-06-16', 'Thanh toán phí a', 0.00, 156000.00);

-- --------------------------------------------------------

--
-- Cấu trúc bảng cho bảng `residents`
--

CREATE TABLE `residents` (
  `id` int(11) NOT NULL,
  `full_name` varchar(100) NOT NULL,
  `date_of_birth` date NOT NULL,
  `place_of_birth` varchar(100) NOT NULL,
  `ethnicity` varchar(50) NOT NULL,
  `occupation` varchar(100) DEFAULT NULL,
  `hometown` varchar(100) NOT NULL,
  `id_card_number` varchar(20) DEFAULT NULL,
  `residence_status` enum('permanent','temporary') NOT NULL,
  `phone` varchar(20) DEFAULT NULL,
  `gender` enum('male','female','other') NOT NULL,
  `relationship_to_owner` enum('owner','spouse','parent','child','other') NOT NULL,
  `room_number` varchar(20) NOT NULL,
  `status` enum('living','moved_out') NOT NULL
) ENGINE=InnoDB DEFAULT CHARSET=utf8mb4 COLLATE=utf8mb4_general_ci;

--
-- Đang đổ dữ liệu cho bảng `residents`
--

INSERT INTO `residents` (`id`, `full_name`, `date_of_birth`, `place_of_birth`, `ethnicity`, `occupation`, `hometown`, `id_card_number`, `residence_status`, `phone`, `gender`, `relationship_to_owner`, `room_number`, `status`) VALUES
(1, 'Nguyễn Văn Hùng', '1985-03-15', 'Hà Nội', 'Kinh', 'Kỹ sư', 'Hà Nội', '012345678901', 'permanent', '0901234567', 'male', 'owner', '1001', 'living'),
(2, 'Trần Thị Mai', '1988-07-22', 'Hà Nội', 'Kinh', 'Nhân viên văn phòng', 'Hà Nội', '012345678902', 'permanent', '0912345678', 'female', 'spouse', '1001', 'living'),
(3, 'Nguyễn Minh Anh', '2015-11-10', 'Hà Nội', 'Kinh', '', 'Hà Nội', '012345679108', 'permanent', '', 'female', 'child', '1001', 'living'),
(4, 'Phạm Quốc Anh', '1978-05-20', 'TP.HCM', 'Kinh', 'Doanh nhân', 'TP.HCM', '012345678903', 'permanent', '0933456789', 'male', 'owner', '1002', 'living'),
(5, 'Lê Thị Hồng', '1980-09-12', 'TP.HCM', 'Kinh', 'Kế toán', 'TP.HCM', '012345678904', 'permanent', '0944567890', 'female', 'spouse', '1002', 'living'),
(6, 'Trần Văn Nam', '1990-01-25', 'Đà Nẵng', 'Kinh', 'Lập trình viên', 'Quảng Nam', '012345678905', 'permanent', '0925678901', 'male', 'owner', '1003', 'living'),
(7, 'Hoàng Thị Lan', '1992-04-18', 'Đà Nẵng', 'Kinh', 'Giáo viên', 'Quảng Nam', '012345678906', 'temporary', '0956789012', 'female', 'spouse', '1003', 'living'),
(8, 'Nguyễn Thị Thanh', '1983-06-30', 'Hải Phòng', 'Kinh', 'Nội trợ', 'Hải Phòng', '012345678907', 'permanent', '0977890123', 'female', 'owner', '1004', 'living'),
(9, 'Nguyễn Văn Long', '2010-08-05', 'Hải Phòng', 'Kinh', NULL, 'Hải Phòng', '012345679109', 'permanent', NULL, 'male', 'child', '1004', 'living'),
(10, 'Lê Minh Tuấn', '1975-12-10', 'Hà Nội', 'Kinh', 'Quản lý', 'Nghệ An', '012345678908', 'permanent', '0988901234', 'male', 'owner', '1005', 'living'),
(11, 'Vũ Thị Hương', '1978-02-14', 'Nghệ An', 'Kinh', 'Bác sĩ', 'Nghệ An', '012345678909', 'permanent', '0999012345', 'female', 'spouse', '1005', 'living'),
(12, 'Đỗ Văn Khánh', '1987-09-09', 'Hà Nội', 'Kinh', 'Kỹ thuật viên', 'Hà Nội', '012345678910', 'permanent', '0900123456', 'male', 'owner', '1006', 'living'),
(13, 'Bùi Thị Ngọc', '1990-11-11', 'Hà Nội', 'Kinh', 'Nhân viên ngân hàng', 'Hà Nội', '012345678911', 'permanent', '0911234567', 'female', 'spouse', '1006', 'living'),
(14, 'Trần Văn Bảo', '2018-03-20', 'Hà Nội', 'Kinh', NULL, 'Hà Nội', '012345679110', 'permanent', NULL, 'male', 'child', '1006', 'living'),
(15, 'Hoàng Văn Tâm', '1982-07-07', 'Thanh Hóa', 'Kinh', 'Kinh doanh', 'Thanh Hóa', '012345678912', 'permanent', '0922345678', 'male', 'owner', '1101', 'living'),
(16, 'Nguyễn Thị Hạnh', '1985-10-15', 'Thanh Hóa', 'Kinh', 'Nội trợ', 'Thanh Hóa', '012345678913', 'permanent', '0933456789', 'female', 'spouse', '1101', 'living'),
(17, 'Phạm Văn Hùng', '1995-04-25', 'Hà Nội', 'Kinh', 'Nhân viên IT', 'Hà Nội', '012345678914', 'permanent', '0944567890', 'male', 'owner', '1103', 'living'),
(18, 'Lê Thị Mai', '1997-08-30', 'Hà Nội', 'Kinh', 'Marketing', 'Hà Nội', '012345678915', 'temporary', '0955678901', 'female', 'spouse', '1103', 'living'),
(19, 'Nguyễn Văn Đạt', '1980-12-01', 'Ninh Bình', 'Kinh', 'Kỹ sư xây dựng', 'Ninh Bình', '012345678916', 'permanent', '0966789012', 'male', 'owner', '1105', 'living'),
(20, 'Trần Thị Hoa', '1983-03-03', 'Ninh Bình', 'Kinh', 'Giáo viên', 'Ninh Bình', '012345678917', 'permanent', '0977890123', 'female', 'spouse', '1105', 'living'),
(21, 'Vũ Minh Đức', '1988-02-28', 'Hải Phòng', 'Kinh', 'Nhân viên bán hàng', 'Hải Phòng', '012345678918', 'permanent', '0988901234', 'male', 'owner', '1106', 'living'),
(22, 'Đặng Thị Lan', '1990-05-15', 'Hải Phòng', 'Kinh', 'Kế toán', 'Hải Phòng', '012345678919', 'permanent', '0999012345', 'female', 'spouse', '1106', 'living'),
(23, 'Nguyễn Văn An', '1984-11-20', 'Hà Nội', 'Kinh', 'Kỹ sư cơ khí', 'Hà Nội', '012345678920', 'permanent', '0900123456', 'male', 'owner', '1203', 'living'),
(24, 'Lê Thị Ngọc Ánh', '1986-01-12', 'Hà Nội', 'Kinh', 'Nội trợ', 'Hà Nội', '012345678921', 'permanent', '0911234567', 'female', 'spouse', '1203', 'living'),
(25, 'Trần Minh Khôi', '2014-07-10', 'Hà Nội', 'Kinh', NULL, 'Hà Nội', '012345679111', 'permanent', NULL, 'male', 'child', '1203', 'living'),
(26, 'Phạm Văn Bình', '1977-09-05', 'Đà Nẵng', 'Kinh', 'Doanh nhân', 'Quảng Nam', '012345678922', 'permanent', '0922345678', 'male', 'owner', '1204', 'living'),
(27, 'Hoàng Thị Thu', '1980-12-22', 'Đà Nẵng', 'Kinh', 'Giáo viên', 'Quảng Nam', '012345678923', 'temporary', '0933456789', 'female', 'spouse', '1204', 'living'),
(28, 'Nguyễn Văn Phúc', '1989-03-15', 'TP.HCM', 'Kinh', 'Nhân viên IT', 'TP.HCM', '012345678924', 'permanent', '0944567890', 'male', 'owner', '1205', 'living'),
(29, 'Trần Thị Minh', '1991-06-18', 'TP.HCM', 'Kinh', 'Nhân viên ngân hàng', 'TP.HCM', '012345678925', 'permanent', '0955678901', 'female', 'spouse', '1205', 'living'),
(30, 'Lê Văn Hậu', '2016-04-10', 'TP.HCM', 'Kinh', NULL, 'TP.HCM', '012345679112', 'permanent', NULL, 'male', 'child', '1205', 'living'),
(31, 'Vũ Thị Hà', '1983-08-25', 'Hải Phòng', 'Kinh', 'Nội trợ', 'Hải Phòng', '012345678926', 'permanent', '0966789012', 'female', 'owner', '1206', 'living'),
(32, 'Nguyễn Văn Tùng', '1975-10-30', 'Hà Nội', 'Kinh', 'Kỹ sư điện', 'Hà Nội', '012345678927', 'permanent', '0977890123', 'male', 'owner', '1401', 'living'),
(33, 'Trần Thị Duyên', '1978-02-14', 'Hà Nội', 'Kinh', 'Bác sĩ', 'Hà Nội', '012345678928', 'permanent', '0988901234', 'female', 'spouse', '1401', 'living'),
(34, 'Phạm Minh Khang', '2012-11-05', 'Hà Nội', 'Kinh', NULL, 'Hà Nội', '012345679113', 'permanent', NULL, 'male', 'child', '1401', 'living'),
(35, 'Lê Văn Thành', '1987-07-07', 'Thanh Hóa', 'Kinh', 'Kinh doanh', 'Thanh Hóa', '012345678929', 'permanent', '0999012345', 'male', 'owner', '1404', 'living'),
(36, 'Nguyễn Thị Lan', '1990-09-09', 'Thanh Hóa', 'Kinh', 'Nhân viên văn phòng', 'Thanh Hóa', '012345678930', 'temporary', '0900123456', 'female', 'spouse', '1404', 'living'),
(37, 'Trần Văn Khoa', '1980-04-20', 'Ninh Bình', 'Kinh', 'Giáo viên', 'Ninh Bình', '012345678931', 'permanent', '0911234567', 'male', 'owner', '1405', 'living'),
(38, 'Hoàng Thị Hương', '1982-06-15', 'Ninh Bình', 'Kinh', 'Nội trợ', 'Ninh Bình', '012345678932', 'permanent', '0922345678', 'female', 'spouse', '1405', 'living'),
(39, 'Nguyễn Văn Minh', '2015-03-10', 'Ninh Bình', 'Kinh', NULL, 'Ninh Bình', '012345679114', 'permanent', NULL, 'male', 'child', '1405', 'living'),
(40, 'Phạm Thị Ngọc', '1985-12-01', 'Hà Nội', 'Kinh', 'Kế toán', 'Hà Nội', '012345678933', 'permanent', '0933456789', 'female', 'owner', '1501', 'living'),
(41, 'Trần Văn Hùng', '1983-08-25', 'Hà Nội', 'Kinh', 'Kỹ sư xây dựng', 'Hà Nội', '012345678934', 'permanent', '0944567890', 'male', 'spouse', '1501', 'living'),
(42, 'Lê Thị Mai', '1988-02-28', 'TP.HCM', 'Kinh', 'Nhân viên bán hàng', 'TP.HCM', '012345678935', 'permanent', '0955678901', 'female', 'owner', '1502', 'living'),
(43, 'Nguyễn Văn Đạt', '1990-05-15', 'TP.HCM', 'Kinh', 'Lập trình viên', 'TP.HCM', '012345678936', 'permanent', '0966789012', 'male', 'spouse', '1502', 'living'),
(44, 'Hoàng Minh Anh', '2017-07-10', 'TP.HCM', 'Kinh', NULL, 'TP.HCM', '012345679115', 'permanent', NULL, 'female', 'child', '1502', 'living'),
(45, 'Trần Văn Bình', '1978-09-05', 'Đà Nẵng', 'Kinh', 'Doanh nhân', 'Quảng Nam', '012345678937', 'permanent', '0977890123', 'male', 'owner', '1503', 'living'),
(46, 'Phạm Thị Thu', '1980-12-22', 'Đà Nẵng', 'Kinh', 'Giáo viên', 'Quảng Nam', '012345678938', 'temporary', '0988901234', 'female', 'spouse', '1503', 'living'),
(47, 'Nguyễn Văn Phúc', '1989-03-15', 'Hải Phòng', 'Kinh', 'Nhân viên IT', 'Hải Phòng', '012345678939', 'permanent', '0999012345', 'male', 'owner', '1504', 'living'),
(48, 'Lê Thị Minh', '1991-06-18', 'Hải Phòng', 'Kinh', 'Nhân viên ngân hàng', 'Hải Phòng', '012345678940', 'permanent', '0900123456', 'female', 'spouse', '1504', 'living'),
(49, 'Vũ Văn Hậu', '2016-04-10', 'Hải Phòng', 'Kinh', NULL, 'Hải Phòng', '012345679116', 'permanent', NULL, 'male', 'child', '1504', 'living'),
(50, 'Đặng Thị Hà', '1983-08-25', 'Hà Nội', 'Kinh', 'Nội trợ', 'Hà Nội', '012345678941', 'permanent', '0911234567', 'female', 'owner', '1601', 'living'),
(51, 'Nguyễn Văn Tùng', '1975-10-30', 'Hà Nội', 'Kinh', 'Kỹ sư điện', 'Hà Nội', '012345678942', 'permanent', '0922345678', 'male', 'spouse', '1601', 'living'),
(52, 'Trần Thị Duyên', '1978-02-14', 'Hà Nội', 'Kinh', 'Bác sĩ', 'Hà Nội', '012345678943', 'permanent', '0933456789', 'female', 'owner', '1602', 'living'),
(53, 'Phạm Minh Khang', '2012-11-05', 'Hà Nội', 'Kinh', NULL, 'Hà Nội', '012345679117', 'permanent', NULL, 'male', 'child', '1602', 'living'),
(54, 'Lê Văn Thành', '1987-07-07', 'Thanh Hóa', 'Kinh', 'Kinh doanh', 'Thanh Hóa', '012345678944', 'permanent', '0944567890', 'male', 'owner', '1604', 'living'),
(55, 'Nguyễn Thị Lan', '1990-09-09', 'Thanh Hóa', 'Kinh', 'Nhân viên văn phòng', 'Thanh Hóa', '012345678945', 'temporary', '0955678901', 'female', 'spouse', '1604', 'living'),
(56, 'Trần Văn Khoa', '1980-04-20', 'Ninh Bình', 'Kinh', 'Giáo viên', 'Ninh Bình', '012345678946', 'permanent', '0966789012', 'male', 'owner', '1605', 'living'),
(57, 'Hoàng Thị Hương', '1982-06-15', 'Ninh Bình', 'Kinh', 'Nội trợ', 'Ninh Bình', '012345678947', 'permanent', '0977890123', 'female', 'spouse', '1605', 'living'),
(58, 'Nguyễn Văn Minh', '2015-03-10', 'Ninh Bình', 'Kinh', NULL, 'Ninh Bình', '012345679118', 'permanent', NULL, 'male', 'child', '1605', 'living'),
(59, 'Phạm Thị Ngọc', '1985-12-01', 'Hà Nội', 'Kinh', 'Kế toán', 'Hà Nội', '012345678948', 'permanent', '0988901234', 'female', 'owner', '1606', 'living'),
(60, 'Trần Văn Hùng', '1983-08-25', 'Hà Nội', 'Kinh', 'Kỹ sư xây dựng', 'Hà Nội', '012345678949', 'permanent', '0999012345', 'male', 'spouse', '1606', 'living'),
(61, 'Lê Thị Mai', '1988-02-28', 'TP.HCM', 'Kinh', 'Nhân viên bán hàng', 'TP.HCM', '012345678950', 'permanent', '0900123456', 'female', 'owner', '1701', 'living'),
(62, 'Nguyễn Văn Đạt', '1990-05-15', 'TP.HCM', 'Kinh', 'Lập trình viên', 'TP.HCM', '012345678951', 'permanent', '0911234567', 'male', 'spouse', '1701', 'living'),
(63, 'Hoàng Minh Anh', '2017-07-10', 'TP.HCM', 'Kinh', NULL, 'TP.HCM', '012345679119', 'permanent', NULL, 'female', 'child', '1701', 'living'),
(64, 'Trần Văn Bình', '1978-09-05', 'Đà Nẵng', 'Kinh', 'Doanh nhân', 'Quảng Nam', '012345678952', 'permanent', '0922345678', 'male', 'owner', '1702', 'living'),
(65, 'Phạm Thị Thu', '1980-12-22', 'Đà Nẵng', 'Kinh', 'Giáo viên', 'Quảng Nam', '012345678953', 'temporary', '0933456789', 'female', 'spouse', '1702', 'living'),
(66, 'Nguyễn Văn Phúc', '1989-03-15', 'Hải Phòng', 'Kinh', 'Nhân viên IT', 'Hải Phòng', '012345678954', 'permanent', '0944567890', 'male', 'owner', '1703', 'living'),
(67, 'Lê Thị Minh', '1991-06-18', 'Hải Phòng', 'Kinh', 'Nhân viên ngân hàng', 'Hải Phòng', '012345678955', 'permanent', '0955678901', 'female', 'spouse', '1703', 'living'),
(68, 'Vũ Văn Hậu', '2016-04-10', 'Hải Phòng', 'Kinh', NULL, 'Hải Phòng', '012345679120', 'permanent', NULL, 'male', 'child', '1703', 'living'),
(69, 'Đặng Thị Hà', '1983-08-25', 'Hà Nội', 'Kinh', 'Nội trợ', 'Hà Nội', '012345678956', 'permanent', '0966789012', 'female', 'owner', '1704', 'living'),
(70, 'Nguyễn Văn Tùng', '1975-10-30', 'Hà Nội', 'Kinh', 'Kỹ sư điện', 'Hà Nội', '012345678957', 'permanent', '0977890123', 'male', 'spouse', '1704', 'living'),
(71, 'Trần Thị Duyên', '1978-02-14', 'Hà Nội', 'Kinh', 'Bác sĩ', 'Hà Nội', '012345678958', 'permanent', '0988901234', 'female', 'owner', '1705', 'living'),
(72, 'Phạm Minh Khang', '2012-11-05', 'Hà Nội', 'Kinh', NULL, 'Hà Nội', '012345679121', 'permanent', NULL, 'male', 'child', '1705', 'living'),
(73, 'Lê Văn Thành', '1987-07-07', 'Thanh Hóa', 'Kinh', 'Kinh doanh', 'Thanh Hóa', '012345678959', 'permanent', '0999012345', 'male', 'owner', '1801', 'living'),
(74, 'Nguyễn Thị Lan', '1990-09-09', 'Thanh Hóa', 'Kinh', 'Nhân viên văn phòng', 'Thanh Hóa', '012345678960', 'temporary', '0900123456', 'female', 'spouse', '1801', 'living'),
(75, 'Trần Văn Khoa', '1980-04-20', 'Ninh Bình', 'Kinh', 'Giáo viên', 'Ninh Bình', '012345678961', 'permanent', '0911234567', 'male', 'owner', '1802', 'living'),
(76, 'Hoàng Thị Hương', '1982-06-15', 'Ninh Bình', 'Kinh', 'Nội trợ', 'Ninh Bình', '012345678962', 'permanent', '0922345678', 'female', 'spouse', '1802', 'living'),
(77, 'Nguyễn Văn Minh', '2015-03-10', 'Ninh Bình', 'Kinh', NULL, 'Ninh Bình', '012345679122', 'permanent', NULL, 'male', 'child', '1802', 'living'),
(78, 'Phạm Thị Ngọc', '1985-12-01', 'Hà Nội', 'Kinh', 'Kế toán', 'Hà Nội', '012345678963', 'permanent', '0933456789', 'female', 'owner', '1803', 'living'),
(79, 'Trần Văn Hùng', '1983-08-25', 'Hà Nội', 'Kinh', 'Kỹ sư xây dựng', 'Hà Nội', '012345678964', 'permanent', '0944567890', 'male', 'spouse', '1803', 'living'),
(80, 'Lê Thị Mai', '1988-02-28', 'TP.HCM', 'Kinh', 'Nhân viên bán hàng', 'TP.HCM', '012345678965', 'permanent', '0955678901', 'female', 'owner', '1804', 'living'),
(81, 'Nguyễn Văn Đạt', '1990-05-15', 'TP.HCM', 'Kinh', 'Lập trình viên', 'TP.HCM', '012345678966', 'permanent', '0966789012', 'male', 'spouse', '1804', 'living'),
(82, 'Hoàng Minh Anh', '2017-07-10', 'TP.HCM', 'Kinh', NULL, 'TP.HCM', '012345679123', 'permanent', NULL, 'female', 'child', '1804', 'living'),
(83, 'Trần Văn Bình', '1978-09-05', 'Đà Nẵng', 'Kinh', 'Doanh nhân', 'Quảng Nam', '012345678967', 'permanent', '0977890123', 'male', 'owner', '1806', 'living'),
(84, 'Phạm Thị Thu', '1980-12-22', 'Đà Nẵng', 'Kinh', 'Giáo viên', 'Quảng Nam', '012345678968', 'temporary', '0988901234', 'female', 'spouse', '1806', 'living'),
(85, 'Nguyễn Văn Phúc', '1989-03-15', 'Hải Phòng', 'Kinh', 'Nhân viên IT', 'Hải Phòng', '012345678969', 'permanent', '0999012345', 'male', 'owner', '1902', 'living'),
(86, 'Lê Thị Minh', '1991-06-18', 'Hải Phòng', 'Kinh', 'Nhân viên ngân hàng', 'Hải Phòng', '012345678970', 'permanent', '0900123456', 'female', 'spouse', '1902', 'living'),
(87, 'Vũ Văn Hậu', '2016-04-10', 'Hải Phòng', 'Kinh', NULL, 'Hải Phòng', '012345679124', 'permanent', NULL, 'male', 'child', '1902', 'living'),
(88, 'Đặng Thị Hà', '1983-08-25', 'Hà Nội', 'Kinh', 'Nội trợ', 'Hà Nội', '012345678971', 'permanent', '0911234567', 'female', 'owner', '1905', 'living'),
(89, 'Nguyễn Văn Tùng', '1975-10-30', 'Hà Nội', 'Kinh', 'Kỹ sư điện', 'Hà Nội', '012345678972', 'permanent', '0922345678', 'male', 'spouse', '1905', 'living'),
(90, 'Trần Thị Duyên', '1978-02-14', 'Hà Nội', 'Kinh', 'Bác sĩ', 'Hà Nội', '012345678973', 'permanent', '0933456789', 'female', 'owner', '2001', 'living'),
(91, 'Phạm Minh Khang', '2012-11-05', 'Hà Nội', 'Kinh', NULL, 'Hà Nội', '012345679125', 'permanent', NULL, 'male', 'child', '2001', 'living'),
(92, 'Lê Văn Thành', '1987-07-07', 'Thanh Hóa', 'Kinh', 'Kinh doanh', 'Thanh Hóa', '012345678974', 'permanent', '0944567890', 'male', 'owner', '2002', 'living'),
(93, 'Nguyễn Thị Lan', '1990-09-09', 'Thanh Hóa', 'Kinh', 'Nhân viên văn phòng', 'Thanh Hóa', '012345678975', 'temporary', '0955678901', 'female', 'spouse', '2002', 'living'),
(94, 'Trần Văn Khoa', '1980-04-20', 'Ninh Bình', 'Kinh', 'Giáo viên', 'Ninh Bình', '012345678976', 'permanent', '0966789012', 'male', 'owner', '2003', 'living'),
(95, 'Hoàng Thị Hương', '1982-06-15', 'Ninh Bình', 'Kinh', 'Nội trợ', 'Ninh Bình', '012345678977', 'permanent', '0977890123', 'female', 'spouse', '2003', 'living'),
(96, 'Nguyễn Văn Minh', '2015-03-10', 'Ninh Bình', 'Kinh', NULL, 'Ninh Bình', '012345679126', 'permanent', NULL, 'male', 'child', '2003', 'living'),
(97, 'Phạm Thị Ngọc', '1985-12-01', 'Hà Nội', 'Kinh', 'Kế toán', 'Hà Nội', '012345678978', 'permanent', '0988901234', 'female', 'owner', '2004', 'living'),
(98, 'Trần Văn Hùng', '1983-08-25', 'Hà Nội', 'Kinh', 'Kỹ sư xây dựng', 'Hà Nội', '012345678979', 'permanent', '0999012345', 'male', 'spouse', '2004', 'living'),
(99, 'Lê Thị Mai', '1988-02-28', 'TP.HCM', 'Kinh', 'Nhân viên bán hàng', 'TP.HCM', '012345678980', 'permanent', '0900123456', 'female', 'owner', '2005', 'living'),
(100, 'Nguyễn Văn Đạt', '1990-05-15', 'TP.HCM', 'Kinh', 'Lập trình viên', 'TP.HCM', '012345678981', 'permanent', '0911234567', 'male', 'spouse', '2005', 'living'),
(101, 'Hoàng Minh Anh', '2017-07-10', 'TP.HCM', 'Kinh', NULL, 'TP.HCM', '012345679127', 'permanent', NULL, 'female', 'child', '2005', 'living'),
(102, 'Trần Văn Bình', '1978-09-05', 'Đà Nẵng', 'Kinh', 'Doanh nhân', 'Quảng Nam', '012345678982', 'permanent', '0922345678', 'male', 'owner', '2006', 'living'),
(103, 'Phạm Thị Thu', '1980-12-22', 'Đà Nẵng', 'Kinh', 'Giáo viên', 'Quảng Nam', '012345678983', 'temporary', '0933456789', 'female', 'spouse', '2006', 'living'),
(104, 'Nguyễn Văn Phúc', '1989-03-15', 'Hải Phòng', 'Kinh', 'Nhân viên IT', 'Hải Phòng', '012345678984', 'permanent', '0944567890', 'male', 'owner', '2102', 'living'),
(105, 'Lê Thị Minh', '1991-06-18', 'Hải Phòng', 'Kinh', 'Nhân viên ngân hàng', 'Hải Phòng', '012345678985', 'permanent', '0955678901', 'female', 'spouse', '2102', 'living'),
(106, 'Vũ Văn Hậu', '2016-04-10', 'Hải Phòng', 'Kinh', NULL, 'Hải Phòng', '012345679128', 'permanent', NULL, 'male', 'child', '2102', 'living'),
(107, 'Đặng Thị Hà', '1983-08-25', 'Hà Nội', 'Kinh', 'Nội trợ', 'Hà Nội', '012345678986', 'permanent', '0966789012', 'female', 'owner', '2103', 'living'),
(108, 'Nguyễn Văn Tùng', '1975-10-30', 'Hà Nội', 'Kinh', 'Kỹ sư điện', 'Hà Nội', '012345678987', 'permanent', '0977890123', 'male', 'spouse', '2103', 'living'),
(109, 'Trần Thị Duyên', '1978-02-14', 'Hà Nội', 'Kinh', 'Bác sĩ', 'Hà Nội', '012345678988', 'permanent', '0988901234', 'female', 'owner', '2104', 'living'),
(110, 'Phạm Minh Khang', '2012-11-05', 'Hà Nội', 'Kinh', NULL, 'Hà Nội', '012345679129', 'permanent', NULL, 'male', 'child', '2104', 'living'),
(111, 'Lê Văn Thành', '1987-07-07', 'Thanh Hóa', 'Kinh', 'Kinh doanh', 'Thanh Hóa', '012345678989', 'permanent', '0999012345', 'male', 'owner', '2105', 'living'),
(112, 'Nguyễn Thị Lan', '1990-09-09', 'Thanh Hóa', 'Kinh', 'Nhân viên văn phòng', 'Thanh Hóa', '012345678990', 'temporary', '0900123456', 'female', 'spouse', '2105', 'living'),
(113, 'Trần Văn Khoa', '1980-04-20', 'Ninh Bình', 'Kinh', 'Giáo viên', 'Ninh Bình', '012345678991', 'permanent', '0911234567', 'male', 'owner', '2106', 'living'),
(114, 'Hoàng Thị Hương', '1982-06-15', 'Ninh Bình', 'Kinh', 'Nội trợ', 'Ninh Bình', '012345678992', 'permanent', '0922345678', 'female', 'spouse', '2106', 'living'),
(115, 'Nguyễn Văn Minh', '2015-03-10', 'Ninh Bình', 'Kinh', NULL, 'Ninh Bình', '012345679130', 'permanent', NULL, 'male', 'child', '2106', 'living'),
(116, 'Phạm Thị Ngọc', '1985-12-01', 'Hà Nội', 'Kinh', 'Kế toán', 'Hà Nội', '012345678993', 'permanent', '0933456789', 'female', 'owner', '2201', 'living'),
(117, 'Trần Văn Hùng', '1983-08-25', 'Hà Nội', 'Kinh', 'Kỹ sư xây dựng', 'Hà Nội', '012345678994', 'permanent', '0944567890', 'male', 'spouse', '2201', 'living'),
(118, 'Lê Thị Mai', '1988-02-28', 'TP.HCM', 'Kinh', 'Nhân viên bán hàng', 'TP.HCM', '012345678995', 'permanent', '0955678901', 'female', 'owner', '2202', 'living'),
(119, 'Nguyễn Văn Đạt', '1990-05-15', 'TP.HCM', 'Kinh', 'Lập trình viên', 'TP.HCM', '012345678996', 'permanent', '0966789012', 'male', 'spouse', '2202', 'living'),
(120, 'Hoàng Minh Anh', '2017-07-10', 'TP.HCM', 'Kinh', NULL, 'TP.HCM', '012345679131', 'permanent', NULL, 'female', 'child', '2202', 'living'),
(121, 'Trần Văn Bình', '1978-09-05', 'Đà Nẵng', 'Kinh', 'Doanh nhân', 'Quảng Nam', '012345678997', 'permanent', '0977890123', 'male', 'owner', '2203', 'living'),
(122, 'Phạm Thị Thu', '1980-12-22', 'Đà Nẵng', 'Kinh', 'Giáo viên', 'Quảng Nam', '012345678998', 'temporary', '0988901234', 'female', 'spouse', '2203', 'living'),
(123, 'Nguyễn Văn Phúc', '1989-03-15', 'Hải Phòng', 'Kinh', 'Nhân viên IT', 'Hải Phòng', '012345678999', 'permanent', '0999012345', 'male', 'owner', '2204', 'living'),
(124, 'Lê Thị Minh', '1991-06-18', 'Hải Phòng', 'Kinh', 'Nhân viên ngân hàng', 'Hải Phòng', '012345679000', 'permanent', '0900123456', 'female', 'spouse', '2204', 'living'),
(125, 'Vũ Văn Hậu', '2016-04-10', 'Hải Phòng', 'Kinh', NULL, 'Hải Phòng', '012345679132', 'permanent', NULL, 'male', 'child', '2204', 'living'),
(126, 'Đặng Thị Hà', '1983-08-25', 'Hà Nội', 'Kinh', 'Nội trợ', 'Hà Nội', '012345679001', 'permanent', '0911234567', 'female', 'owner', '2301', 'living'),
(127, 'Nguyễn Văn Tùng', '1975-10-30', 'Hà Nội', 'Kinh', 'Kỹ sư điện', 'Hà Nội', '012345679002', 'permanent', '0922345678', 'male', 'spouse', '2301', 'living'),
(128, 'Trần Thị Duyên', '1978-02-14', 'Hà Nội', 'Kinh', 'Bác sĩ', 'Hà Nội', '012345679003', 'permanent', '0933456789', 'female', 'owner', '2302', 'living'),
(129, 'Phạm Minh Khang', '2012-11-05', 'Hà Nội', 'Kinh', NULL, 'Hà Nội', '012345679133', 'permanent', NULL, 'male', 'child', '2302', 'living'),
(130, 'Lê Văn Thành', '1987-07-07', 'Thanh Hóa', 'Kinh', 'Kinh doanh', 'Thanh Hóa', '012345679004', 'permanent', '0944567890', 'male', 'owner', '2303', 'living'),
(131, 'Nguyễn Thị Lan', '1990-09-09', 'Thanh Hóa', 'Kinh', 'Nhân viên văn phòng', 'Thanh Hóa', '012345679005', 'temporary', '0955678901', 'female', 'spouse', '2303', 'living'),
(132, 'Trần Văn Khoa', '1980-04-20', 'Ninh Bình', 'Kinh', 'Giáo viên', 'Ninh Bình', '012345679006', 'permanent', '0966789012', 'male', 'owner', '2305', 'living'),
(133, 'Hoàng Thị Hương', '1982-06-15', 'Ninh Bình', 'Kinh', 'Nội trợ', 'Ninh Bình', '012345679007', 'permanent', '0977890123', 'female', 'spouse', '2305', 'living'),
(134, 'Nguyễn Văn Minh', '2015-03-10', 'Ninh Bình', 'Kinh', NULL, 'Ninh Bình', '012345679134', 'permanent', NULL, 'male', 'child', '2305', 'living'),
(135, 'Phạm Thị Ngọc', '1985-12-01', 'Hà Nội', 'Kinh', 'Kế toán', 'Hà Nội', '012345679008', 'permanent', '0988901234', 'female', 'owner', '2401', 'living'),
(136, 'Trần Văn Hùng', '1983-08-25', 'Hà Nội', 'Kinh', 'Kỹ sư xây dựng', 'Hà Nội', '012345679009', 'permanent', '0999012345', 'male', 'spouse', '2401', 'living'),
(137, 'Lê Thị Mai', '1988-02-28', 'TP.HCM', 'Kinh', 'Nhân viên bán hàng', 'TP.HCM', '012345679010', 'permanent', '0900123456', 'female', 'owner', '2402', 'living'),
(138, 'Nguyễn Văn Đạt', '1990-05-15', 'TP.HCM', 'Kinh', 'Lập trình viên', 'TP.HCM', '012345679011', 'permanent', '0911234567', 'male', 'spouse', '2402', 'living'),
(139, 'Hoàng Minh Anh', '2017-07-10', 'TP.HCM', 'Kinh', NULL, 'TP.HCM', '012345679135', 'permanent', NULL, 'female', 'child', '2402', 'living'),
(140, 'Trần Văn Bình', '1978-09-05', 'Đà Nẵng', 'Kinh', 'Doanh nhân', 'Quảng Nam', '012345679012', 'permanent', '0922345678', 'male', 'owner', '2403', 'living'),
(141, 'Phạm Thị Thu', '1980-12-22', 'Đà Nẵng', 'Kinh', 'Giáo viên', 'Quảng Nam', '012345679013', 'temporary', '0933456789', 'female', 'spouse', '2403', 'living'),
(142, 'Nguyễn Văn Phúc', '1989-03-15', 'Hải Phòng', 'Kinh', 'Nhân viên IT', 'Hải Phòng', '012345679014', 'permanent', '0944567890', 'male', 'owner', '2404', 'living'),
(143, 'Lê Thị Minh', '1991-06-18', 'Hải Phòng', 'Kinh', 'Nhân viên ngân hàng', 'Hải Phòng', '012345679015', 'permanent', '0955678901', 'female', 'spouse', '2404', 'living'),
(144, 'Vũ Văn Hậu', '2016-04-10', 'Hải Phòng', 'Kinh', NULL, 'Hải Phòng', '012345679136', 'permanent', NULL, 'male', 'child', '2404', 'living'),
(145, 'Đặng Thị Hà', '1983-08-25', 'Hà Nội', 'Kinh', 'Nội trợ', 'Hà Nội', '012345679016', 'permanent', '0966789012', 'female', 'owner', '2405', 'living'),
(146, 'Nguyễn Văn Tùng', '1975-10-30', 'Hà Nội', 'Kinh', 'Kỹ sư điện', 'Hà Nội', '012345679017', 'permanent', '0977890123', 'male', 'spouse', '2405', 'living'),
(147, 'Trần Thị Duyên', '1978-02-14', 'Hà Nội', 'Kinh', 'Bác sĩ', 'Hà Nội', '012345679018', 'permanent', '0988901234', 'female', 'owner', '2406', 'living'),
(148, 'Phạm Minh Khang', '2012-11-05', 'Hà Nội', 'Kinh', NULL, 'Hà Nội', '012345679137', 'permanent', NULL, 'male', 'child', '2406', 'living'),
(149, 'Lê Văn Thành', '1987-07-07', 'Thanh Hóa', 'Kinh', 'Kinh doanh', 'Thanh Hóa', '012345679019', 'permanent', '0999012345', 'male', 'owner', '2501', 'living'),
(150, 'Nguyễn Thị Lan', '1990-09-09', 'Thanh Hóa', 'Kinh', 'Nhân viên văn phòng', 'Thanh Hóa', '012345679020', 'temporary', '0900123456', 'female', 'spouse', '2501', 'living'),
(151, 'Trần Văn Khoa', '1980-04-20', 'Ninh Bình', 'Kinh', 'Giáo viên', 'Ninh Bình', '012345679021', 'permanent', '0911234567', 'male', 'owner', '2502', 'living'),
(152, 'Hoàng Thị Hương', '1982-06-15', 'Ninh Bình', 'Kinh', 'Nội trợ', 'Ninh Bình', '012345679022', 'permanent', '0922345678', 'female', 'spouse', '2502', 'living'),
(153, 'Nguyễn Văn Minh', '2015-03-10', 'Ninh Bình', 'Kinh', NULL, 'Ninh Bình', '012345679138', 'permanent', NULL, 'male', 'child', '2502', 'living'),
(154, 'Phạm Thị Ngọc', '1985-12-01', 'Hà Nội', 'Kinh', 'Kế toán', 'Hà Nội', '012345679023', 'permanent', '0933456789', 'female', 'owner', '2503', 'living'),
(155, 'Trần Văn Hùng', '1983-08-25', 'Hà Nội', 'Kinh', 'Kỹ sư xây dựng', 'Hà Nội', '012345679024', 'permanent', '0944567890', 'male', 'spouse', '2503', 'living'),
(156, 'Lê Thị Mai', '1988-02-28', 'TP.HCM', 'Kinh', 'Nhân viên bán hàng', 'TP.HCM', '012345679025', 'permanent', '0955678901', 'female', 'owner', '2504', 'living'),
(157, 'Nguyễn Văn Đạt', '1990-05-15', 'TP.HCM', 'Kinh', 'Lập trình viên', 'TP.HCM', '012345679026', 'permanent', '0966789012', 'male', 'spouse', '2504', 'living'),
(158, 'Hoàng Minh Anh', '2017-07-10', 'TP.HCM', 'Kinh', NULL, 'TP.HCM', '012345679139', 'permanent', NULL, 'female', 'child', '2504', 'living'),
(159, 'Trần Văn Bình', '1978-09-05', 'Đà Nẵng', 'Kinh', 'Doanh nhân', 'Quảng Nam', '012345679027', 'permanent', '0977890123', 'male', 'owner', '2601', 'living'),
(160, 'Phạm Thị Thu', '1980-12-22', 'Đà Nẵng', 'Kinh', 'Giáo viên', 'Quảng Nam', '012345679028', 'temporary', '0988901234', 'female', 'spouse', '2601', 'living'),
(161, 'Nguyễn Văn Phúc', '1989-03-15', 'Hải Phòng', 'Kinh', 'Nhân viên IT', 'Hải Phòng', '012345679029', 'permanent', '0999012345', 'male', 'owner', '2602', 'living'),
(162, 'Lê Thị Minh', '1991-06-18', 'Hải Phòng', 'Kinh', 'Nhân viên ngân hàng', 'Hải Phòng', '012345679030', 'permanent', '0900123456', 'female', 'spouse', '2602', 'living'),
(163, 'Vũ Văn Hậu', '2016-04-10', 'Hải Phòng', 'Kinh', NULL, 'Hải Phòng', '012345679140', 'permanent', NULL, 'male', 'child', '2602', 'living'),
(164, 'Đặng Thị Hà', '1983-08-25', 'Hà Nội', 'Kinh', 'Nội trợ', 'Hà Nội', '012345679031', 'permanent', '0911234567', 'female', 'owner', '2604', 'living'),
(165, 'Nguyễn Văn Tùng', '1975-10-30', 'Hà Nội', 'Kinh', 'Kỹ sư điện', 'Hà Nội', '012345679032', 'permanent', '0922345678', 'male', 'spouse', '2604', 'living'),
(166, 'Trần Thị Duyên', '1978-02-14', 'Hà Nội', 'Kinh', 'Bác sĩ', 'Hà Nội', '012345679033', 'permanent', '0933456789', 'female', 'owner', '2605', 'living'),
(167, 'Phạm Minh Khang', '2012-11-05', 'Hà Nội', 'Kinh', NULL, 'Hà Nội', '012345679141', 'permanent', NULL, 'male', 'child', '2605', 'living'),
(168, 'Lê Văn Thành', '1987-07-07', 'Thanh Hóa', 'Kinh', 'Kinh doanh', 'Thanh Hóa', '012345679034', 'permanent', '0944567890', 'male', 'owner', '2606', 'living'),
(169, 'Nguyễn Thị Lan', '1990-09-09', 'Thanh Hóa', 'Kinh', 'Nhân viên văn phòng', 'Thanh Hóa', '012345679035', 'temporary', '0955678901', 'female', 'spouse', '2606', 'living'),
(170, 'Trần Văn Khoa', '1980-04-20', 'Ninh Bình', 'Kinh', 'Giáo viên', 'Ninh Bình', '012345679036', 'permanent', '0966789012', 'male', 'owner', '2701', 'living'),
(171, 'Hoàng Thị Hương', '1982-06-15', 'Ninh Bình', 'Kinh', 'Nội trợ', 'Ninh Bình', '012345679037', 'permanent', '0977890123', 'female', 'spouse', '2701', 'living'),
(172, 'Nguyễn Văn Minh', '2015-03-10', 'Ninh Bình', 'Kinh', NULL, 'Ninh Bình', '012345679142', 'permanent', NULL, 'male', 'child', '2701', 'living'),
(173, 'Phạm Thị Ngọc', '1985-12-01', 'Hà Nội', 'Kinh', 'Kế toán', 'Hà Nội', '012345679038', 'permanent', '0988901234', 'female', 'owner', '2702', 'living'),
(174, 'Trần Văn Hùng', '1983-08-25', 'Hà Nội', 'Kinh', 'Kỹ sư xây dựng', 'Hà Nội', '012345679039', 'permanent', '0999012345', 'male', 'spouse', '2702', 'living'),
(175, 'Lê Thị Mai', '1988-02-28', 'TP.HCM', 'Kinh', 'Nhân viên bán hàng', 'TP.HCM', '012345679040', 'permanent', '0900123456', 'female', 'owner', '2704', 'living'),
(176, 'Nguyễn Văn Đạt', '1990-05-15', 'TP.HCM', 'Kinh', 'Lập trình viên', 'TP.HCM', '012345679041', 'permanent', '0911234567', 'male', 'spouse', '2704', 'living'),
(177, 'Hoàng Minh Anh', '2017-07-10', 'TP.HCM', 'Kinh', NULL, 'TP.HCM', '012345679143', 'permanent', NULL, 'female', 'child', '2704', 'living'),
(178, 'Trần Văn Bình', '1978-09-05', 'Đà Nẵng', 'Kinh', 'Doanh nhân', 'Quảng Nam', '012345679042', 'permanent', '0922345678', 'male', 'owner', '2705', 'living'),
(179, 'Phạm Thị Thu', '1980-12-22', 'Đà Nẵng', 'Kinh', 'Giáo viên', 'Quảng Nam', '012345679043', 'temporary', '0933456789', 'female', 'spouse', '2705', 'living'),
(180, 'Nguyễn Văn Phúc', '1989-03-15', 'Hải Phòng', 'Kinh', 'Nhân viên IT', 'Hải Phòng', '012345679044', 'permanent', '0944567890', 'male', 'owner', '2801', 'living'),
(181, 'Lê Thị Minh', '1991-06-18', 'Hải Phòng', 'Kinh', 'Nhân viên ngân hàng', 'Hải Phòng', '012345679045', 'permanent', '0955678901', 'female', 'spouse', '2801', 'living'),
(182, 'Vũ Văn Hậu', '2016-04-10', 'Hải Phòng', 'Kinh', NULL, 'Hải Phòng', '012345679144', 'permanent', NULL, 'male', 'child', '2801', 'living'),
(183, 'Đặng Thị Hà', '1983-08-25', 'Hà Nội', 'Kinh', 'Nội trợ', 'Hà Nội', '012345679046', 'permanent', '0966789012', 'female', 'owner', '2802', 'living'),
(184, 'Nguyễn Văn Tùng', '1975-10-30', 'Hà Nội', 'Kinh', 'Kỹ sư điện', 'Hà Nội', '012345679047', 'permanent', '0977890123', 'male', 'spouse', '2802', 'living'),
(185, 'Trần Thị Duyên', '1978-02-14', 'Hà Nội', 'Kinh', 'Bác sĩ', 'Hà Nội', '012345679048', 'permanent', '0988901234', 'female', 'owner', '2803', 'living'),
(186, 'Phạm Minh Khang', '2012-11-05', 'Hà Nội', 'Kinh', NULL, 'Hà Nội', '012345679145', 'permanent', NULL, 'male', 'child', '2803', 'living'),
(187, 'Lê Văn Thành', '1987-07-07', 'Thanh Hóa', 'Kinh', 'Kinh doanh', 'Thanh Hóa', '012345679049', 'permanent', '0999012345', 'male', 'owner', '2805', 'living'),
(188, 'Nguyễn Thị Lan', '1990-09-09', 'Thanh Hóa', 'Kinh', 'Nhân viên văn phòng', 'Thanh Hóa', '012345679050', 'temporary', '0900123456', 'female', 'spouse', '2805', 'living'),
(189, 'Trần Văn Khoa', '1980-04-20', 'Ninh Bình', 'Kinh', 'Giáo viên', 'Ninh Bình', '012345679051', 'permanent', '0911234567', 'male', 'owner', '2806', 'living'),
(190, 'Hoàng Thị Hương', '1982-06-15', 'Ninh Bình', 'Kinh', 'Nội trợ', 'Ninh Bình', '012345679052', 'permanent', '0922345678', 'female', 'spouse', '2806', 'living'),
(191, 'Nguyễn Văn Minh', '2015-03-10', 'Ninh Bình', 'Kinh', NULL, 'Ninh Bình', '012345679146', 'permanent', NULL, 'male', 'child', '2806', 'living'),
(192, 'Phạm Thị Ngọc', '1985-12-01', 'Hà Nội', 'Kinh', 'Kế toán', 'Hà Nội', '012345679053', 'permanent', '0933456789', 'female', 'owner', '2901', 'living'),
(193, 'Trần Văn Hùng', '1983-08-25', 'Hà Nội', 'Kinh', 'Kỹ sư xây dựng', 'Hà Nội', '012345679054', 'permanent', '0944567890', 'male', 'spouse', '2901', 'living'),
(194, 'Lê Thị Mai', '1988-02-28', 'TP.HCM', 'Kinh', 'Nhân viên bán hàng', 'TP.HCM', '012345679055', 'permanent', '0955678901', 'female', 'owner', '2902', 'living'),
(195, 'Nguyễn Văn Đạt', '1990-05-15', 'TP.HCM', 'Kinh', 'Lập trình viên', 'TP.HCM', '012345679056', 'permanent', '0966789012', 'male', 'spouse', '2902', 'living'),
(196, 'Hoàng Minh Anh', '2017-07-10', 'TP.HCM', 'Kinh', NULL, 'TP.HCM', '012345679147', 'permanent', NULL, 'female', 'child', '2902', 'living'),
(197, 'Trần Văn Bình', '1978-09-05', 'Đà Nẵng', 'Kinh', 'Doanh nhân', 'Quảng Nam', '012345679057', 'permanent', '0977890123', 'male', 'owner', '2903', 'living'),
(198, 'Phạm Thị Thu', '1980-12-22', 'Đà Nẵng', 'Kinh', 'Giáo viên', 'Quảng Nam', '012345679058', 'temporary', '0988901234', 'female', 'spouse', '2903', 'living'),
(199, 'Nguyễn Văn Phúc', '1989-03-15', 'Hải Phòng', 'Kinh', 'Nhân viên IT', 'Hải Phòng', '012345679059', 'permanent', '0999012345', 'male', 'owner', '2906', 'living'),
(200, 'Lê Thị Minh', '1991-06-18', 'Hải Phòng', 'Kinh', 'Nhân viên ngân hàng', 'Hải Phòng', '012345679060', 'permanent', '0900123456', 'female', 'spouse', '2906', 'living'),
(201, 'Vũ Văn Hậu', '2016-04-10', 'Hải Phòng', 'Kinh', NULL, 'Hải Phòng', '012345679148', 'permanent', NULL, 'male', 'child', '2906', 'living'),
(202, 'Đặng Thị Hà', '1983-08-25', 'Hà Nội', 'Kinh', 'Nội trợ', 'Hà Nội', '012345679061', 'permanent', '0911234567', 'female', 'owner', '3001', 'living'),
(203, 'Nguyễn Văn Tùng', '1975-10-30', 'Hà Nội', 'Kinh', 'Kỹ sư điện', 'Hà Nội', '012345679062', 'permanent', '0922345678', 'male', 'spouse', '3001', 'living'),
(204, 'Trần Thị Duyên', '1978-02-14', 'Hà Nội', 'Kinh', 'Bác sĩ', 'Hà Nội', '012345679063', 'permanent', '0933456789', 'female', 'owner', '601', 'living'),
(205, 'Phạm Minh Khang', '2012-11-05', 'Hà Nội', 'Kinh', NULL, 'Hà Nội', '012345679149', 'permanent', NULL, 'male', 'child', '601', 'living'),
(206, 'Lê Văn Thành', '1987-07-07', 'Thanh Hóa', 'Kinh', 'Kinh doanh', 'Thanh Hóa', '012345679064', 'permanent', '0944567890', 'male', 'owner', '602', 'living'),
(207, 'Nguyễn Thị Lan', '1990-09-09', 'Thanh Hóa', 'Kinh', 'Nhân viên văn phòng', 'Thanh Hóa', '012345679065', 'temporary', '0955678901', 'female', 'spouse', '602', 'living'),
(208, 'Trần Văn Khoa', '1980-04-20', 'Ninh Bình', 'Kinh', 'Giáo viên', 'Ninh Bình', '012345679066', 'permanent', '0966789012', 'male', 'owner', '603', 'living'),
(209, 'Hoàng Thị Hương', '1982-06-15', 'Ninh Bình', 'Kinh', 'Nội trợ', 'Ninh Bình', '012345679067', 'permanent', '0977890123', 'female', 'spouse', '603', 'moved_out'),
(210, 'Nguyễn Văn Minh', '2015-03-10', 'Ninh Bình', 'Kinh', NULL, 'Ninh Bình', '012345679150', 'permanent', NULL, 'male', 'child', '603', 'living'),
(211, 'Phạm Thị Ngọc', '1985-12-01', 'Hà Nội', 'Kinh', 'Kế toán', 'Hà Nội', '012345679068', 'permanent', '0988901234', 'female', 'owner', '604', 'living'),
(212, 'Trần Văn Hùng', '1983-08-25', 'Hà Nội', 'Kinh', 'Kỹ sư xây dựng', 'Hà Nội', '012345679069', 'permanent', '0999012345', 'male', 'spouse', '604', 'living'),
(213, 'Lê Thị Mai', '1988-02-28', 'TP.HCM', 'Kinh', 'Nhân viên bán hàng', 'TP.HCM', '012345679070', 'permanent', '0900123456', 'female', 'owner', '606', 'living'),
(214, 'Nguyễn Văn Đạt', '1990-05-15', 'TP.HCM', 'Kinh', 'Lập trình viên', 'TP.HCM', '012345679071', 'temporary', '0911234567', 'male', 'spouse', '606', 'living'),
(215, 'Hoàng Minh Anh', '2017-07-10', 'TP.HCM', 'Kinh', NULL, 'TP.HCM', '012345679151', 'permanent', NULL, 'female', 'child', '606', 'living'),
(216, 'Trần Văn Bình', '1978-09-05', 'Đà Nẵng', 'Kinh', 'Doanh nhân', 'Quảng Nam', '012345679072', 'permanent', '0922345678', 'male', 'owner', '701', 'living'),
(217, 'Phạm Thị Thu', '1980-12-22', 'Đà Nẵng', 'Kinh', 'Giáo viên', 'Quảng Nam', '012345679073', 'temporary', '0933456789', 'female', 'spouse', '701', 'living'),
(218, 'Nguyễn Văn Phúc', '1989-03-15', 'Hải Phòng', 'Kinh', 'Nhân viên IT', 'Hải Phòng', '012345679074', 'permanent', '0944567890', 'male', 'owner', '702', 'living'),
(219, 'Lê Thị Minh', '1991-06-18', 'Hải Phòng', 'Kinh', 'Nhân viên ngân hàng', 'Hải Phòng', '012345679075', 'permanent', '0955678901', 'female', 'spouse', '702', 'living'),
(220, 'Vũ Văn Hậu', '2016-04-10', 'Hải Phòng', 'Kinh', NULL, 'Hải Phòng', '012345679152', 'permanent', NULL, 'male', 'child', '702', 'living'),
(221, 'Đặng Thị Hà', '1983-08-25', 'Hà Nội', 'Kinh', 'Nội trợ', 'Hà Nội', '012345679076', 'permanent', '0966789012', 'female', 'owner', '703', 'living'),
(222, 'Nguyễn Văn Tùng', '1975-10-30', 'Hà Nội', 'Kinh', 'Kỹ sư điện', 'Hà Nội', '012345679077', 'permanent', '0977890123', 'male', 'spouse', '703', 'living'),
(223, 'Trần Thị Duyên', '1978-02-14', 'Hà Nội', 'Kinh', 'Bác sĩ', 'Hà Nội', '012345679078', 'permanent', '0988901234', 'female', 'owner', '704', 'living'),
(224, 'Phạm Minh Khang', '2012-11-05', 'Hà Nội', 'Kinh', NULL, 'Hà Nội', '012345679153', 'permanent', NULL, 'male', 'child', '704', 'living'),
(225, 'Lê Văn Thành', '1987-07-07', 'Thanh Hóa', 'Kinh', 'Kinh doanh', 'Thanh Hóa', '012345679079', 'permanent', '0999012345', 'male', 'owner', '705', 'living'),
(226, 'Nguyễn Thị Lan', '1990-09-09', 'Thanh Hóa', 'Kinh', 'Nhân viên văn phòng', 'Thanh Hóa', '012345679080', 'temporary', '0900123456', 'female', 'spouse', '705', 'living'),
(227, 'Trần Văn Khoa', '1980-04-20', 'Ninh Bình', 'Kinh', 'Giáo viên', 'Ninh Bình', '012345679081', 'permanent', '0911234567', 'male', 'owner', '706', 'living'),
(228, 'Hoàng Thị Hương', '1982-06-15', 'Ninh Bình', 'Kinh', 'Nội trợ', 'Ninh Bình', '012345679082', 'permanent', '0922345678', 'female', 'spouse', '706', 'living'),
(229, 'Nguyễn Văn Minh', '2015-03-10', 'Ninh Bình', 'Kinh', NULL, 'Ninh Bình', '012345679154', 'permanent', NULL, 'male', 'child', '706', 'living'),
(230, 'Phạm Thị Ngọc', '1985-12-01', 'Hà Nội', 'Kinh', 'Kế toán', 'Hà Nội', '012345679083', 'permanent', '0933456789', 'female', 'owner', '801', 'living'),
(231, 'Trần Văn Hùng', '1983-08-25', 'Hà Nội', 'Kinh', 'Kỹ sư xây dựng', 'Hà Nội', '012345679084', 'permanent', '0944567890', 'male', 'spouse', '801', 'living'),
(232, 'Lê Thị Mai', '1988-02-28', 'TP.HCM', 'Kinh', 'Nhân viên bán hàng', 'TP.HCM', '012345679085', 'permanent', '0955678901', 'female', 'owner', '804', 'living'),
(233, 'Nguyễn Văn Đạt', '1990-05-15', 'TP.HCM', 'Kinh', 'Lập trình viên', 'TP.HCM', '012345679086', 'permanent', '0966789012', 'male', 'spouse', '804', 'living'),
(234, 'Hoàng Minh Anh', '2017-07-10', 'TP.HCM', 'Kinh', NULL, 'TP.HCM', '012345679155', 'permanent', NULL, 'female', 'child', '804', 'living'),
(235, 'Trần Văn Bình', '1978-09-05', 'Đà Nẵng', 'Kinh', 'Doanh nhân', 'Quảng Nam', '012345679087', 'permanent', '0977890123', 'male', 'owner', '805', 'living'),
(236, 'Phạm Thị Thu', '1980-12-22', 'Đà Nẵng', 'Kinh', 'Giáo viên', 'Quảng Nam', '012345679088', 'temporary', '0988901234', 'female', 'spouse', '805', 'living'),
(237, 'Nguyễn Văn Phúc', '1989-03-15', 'Hải Phòng', 'Kinh', 'Nhân viên IT', 'Hải Phòng', '012345679089', 'permanent', '0999012345', 'male', 'owner', '806', 'living'),
(238, 'Lê Thị Minh', '1991-06-18', 'Hải Phòng', 'Kinh', 'Nhân viên ngân hàng', 'Hải Phòng', '012345679090', 'permanent', '0900123456', 'female', 'spouse', '806', 'living'),
(239, 'Vũ Văn Hậu', '2016-04-10', 'Hải Phòng', 'Kinh', NULL, 'Hải Phòng', '012345679156', 'permanent', NULL, 'male', 'child', '806', 'living'),
(240, 'Đặng Thị Hà', '1983-08-25', 'Hà Nội', 'Kinh', 'Nội trợ', 'Hà Nội', '012345679091', 'permanent', '0911234567', 'female', 'owner', '901', 'living'),
(241, 'Nguyễn Văn Tùng', '1975-10-30', 'Hà Nội', 'Kinh', 'Kỹ sư điện', 'Hà Nội', '012345679092', 'permanent', '0922345678', 'male', 'spouse', '901', 'living'),
(242, 'Trần Thị Duyên', '1978-02-14', 'Hà Nội', 'Kinh', 'Bác sĩ', 'Hà Nội', '012345679093', 'permanent', '0933456789', 'female', 'owner', '902', 'living'),
(243, 'Phạm Minh Khang', '2012-11-05', 'Hà Nội', 'Kinh', NULL, 'Hà Nội', '012345679157', 'permanent', NULL, 'male', 'child', '902', 'living'),
(244, 'Lê Văn Thành', '1987-07-07', 'Thanh Hóa', 'Kinh', 'Kinh doanh', 'Thanh Hóa', '012345679094', 'permanent', '0944567890', 'male', 'owner', '903', 'living'),
(245, 'Nguyễn Thị Lan', '1990-09-09', 'Thanh Hóa', 'Kinh', 'Nhân viên văn phòng', 'Thanh Hóa', '012345679095', 'temporary', '0955678901', 'female', 'spouse', '903', 'living'),
(246, 'Trần Văn Khoa', '1980-04-20', 'Ninh Bình', 'Kinh', 'Giáo viên', 'Ninh Bình', '012345679096', 'permanent', '0966789012', 'male', 'owner', '904', 'living'),
(247, 'Hoàng Thị Hương', '1982-06-15', 'Ninh Bình', 'Kinh', 'Nội trợ', 'Ninh Bình', '012345679097', 'permanent', '0977890123', 'female', 'spouse', '904', 'living'),
(248, 'Nguyễn Văn Minh', '2015-03-10', 'Ninh Bình', 'Kinh', NULL, 'Ninh Bình', '012345679158', 'permanent', NULL, 'male', 'child', '904', 'living'),
(249, 'Phạm Thị Ngọc', '1985-12-01', 'Hà Nội', 'Kinh', 'Kế toán', 'Hà Nội', '012345679098', 'permanent', '0988901234', 'female', 'owner', '906', 'living'),
(250, 'Trần Văn Hùng', '1983-08-25', 'Hà Nội', 'Kinh', 'Kỹ sư xây dựng', 'Hà Nội', '012345679099', 'permanent', '0999012345', 'male', 'spouse', '906', 'living'),
(251, 'Nguyễn Văn Long', '1982-05-10', 'Hà Nội', 'Kinh', 'Kỹ sư cơ khí', 'Hà Nội', '012345679100', 'permanent', '0902345678', 'male', 'owner', '1303', 'living'),
(252, 'Trần Thị Hồng', '1985-08-15', 'Hà Nội', 'Kinh', 'Nhân viên văn phòng', 'Hà Nội', '012345679101', 'permanent', '0913456789', 'female', 'spouse', '1303', 'living'),
(253, 'Nguyễn Minh Thư', '2016-03-20', 'Hà Nội', 'Kinh', NULL, 'Hà Nội', NULL, 'permanent', NULL, 'female', 'child', '1303', 'living'),
(254, 'Phạm Quốc Bảo', '1979-11-25', 'TP.HCM', 'Kinh', 'Doanh nhân', 'TP.HCM', '012345679102', 'permanent', '0924567890', 'male', 'owner', '1304', 'living'),
(255, 'Lê Thị Lan', '1981-02-12', 'TP.HCM', 'Kinh', 'Giáo viên', 'TP.HCM', '012345679103', 'temporary', '0935678901', 'female', 'spouse', '1304', 'living'),
(256, 'Trần Văn Hùng', '1987-07-30', 'Đà Nẵng', 'Kinh', 'Lập trình viên', 'Quảng Nam', '012345679104', 'permanent', '0946789012', 'male', 'owner', '1305', 'living'),
(257, 'Hoàng Thị Mai', '1990-04-18', 'Đà Nẵng', 'Kinh', 'Nội trợ', 'Quảng Nam', '012345679105', 'permanent', '0957890123', 'female', 'spouse', '1305', 'living'),
(258, 'Trần Minh Khang', '2018-09-05', 'Đà Nẵng', 'Kinh', NULL, 'Quảng Nam', NULL, 'permanent', NULL, 'male', 'child', '1305', 'living'),
(259, 'Lê Thị Thanh', '1984-12-01', 'Hải Phòng', 'Kinh', 'Kế toán', 'Hải Phòng', '012345679106', 'permanent', '0968901234', 'female', 'owner', '1306', 'living'),
(260, 'Nguyễn Văn Tâm', '1982-06-15', 'Hải Phòng', 'Kinh', 'Kỹ sư xây dựng', 'Hải Phòng', '012345679107', 'permanent', '0979012345', 'male', 'spouse', '1306', 'living');

-- --------------------------------------------------------

--
-- Cấu trúc bảng cho bảng `revenue_items`
--

CREATE TABLE `revenue_items` (
  `id` int(11) NOT NULL,
  `name` varchar(100) CHARACTER SET utf8mb4 COLLATE utf8mb4_bin NOT NULL,
  `unit_price` decimal(12,2) NOT NULL,
  `description` text DEFAULT NULL,
  `category` enum('mandatory','voluntary') NOT NULL,
  `status` enum('active','inactive') NOT NULL,
  `code` varchar(50) NOT NULL,
  `quantity_unit` varchar(50) DEFAULT NULL
) ENGINE=InnoDB DEFAULT CHARSET=utf8mb4 COLLATE=utf8mb4_general_ci;

--
-- Đang đổ dữ liệu cho bảng `revenue_items`
--

INSERT INTO `revenue_items` (`id`, `name`, `unit_price`, `description`, `category`, `status`, `code`, `quantity_unit`) VALUES
(1, 'Phí quản lý', 7000.00, 'Phí quản lý chung cư', 'mandatory', 'active', 'PHI_QUAN_LY', 'm2'),
(2, 'Phí dịch vụ', 8000.00, 'Phí dịch vụ chung cư', 'mandatory', 'active', 'PHI_DICH_VU', 'm2'),
(3, 'Phí gửi xe máy', 70000.00, 'Phí gửi xe máy hàng tháng', 'mandatory', 'active', 'PHI_GUI_XE_MAY', 'motorbike'),
(4, 'Phí gửi ô tô', 1200000.00, 'Phí gửi ô tô hàng tháng', 'mandatory', 'active', 'PHI_GUI_O_TO', 'car'),
(5, 'Phí điện', 3000.00, 'Phí điện tiêu thụ, theo công ty thông báo', 'mandatory', 'active', 'PHI_DIEN', 'kWh'),
(6, 'Phí nước', 7000.00, 'Phí nước tiêu thụ, theo công ty thông báo', 'mandatory', 'active', 'PHI_NUOC', 'm3'),
(7, 'Phí Internet', 1.00, 'Phí Internet hàng tháng, tùy theo gói hộ sử dụng từ công ty thông báo', 'mandatory', 'active', 'PHI_INTERNET', 'Gói'),
(8, 'Quỹ hoạt động cộng đồng', 1.00, 'Đóng góp tự nguyện cho các hoạt động cộng đồng', 'voluntary', 'active', 'QUY_HOAT_DONG_CONG_DONG', NULL),
(10, '222', 1.00, '', 'voluntary', 'inactive', '222', NULL),
(11, '333', 1.00, '', 'voluntary', 'inactive', '333', NULL),
(12, '444', 1.00, '', 'voluntary', 'inactive', '444', NULL),
(13, '555', 1.00, '', 'voluntary', 'inactive', '555', NULL),
(14, '666', 1.00, '', 'voluntary', 'inactive', '666', NULL),
(15, '777', 1.00, '', 'voluntary', 'inactive', '777', NULL),
(16, '888', 1.00, '', 'voluntary', 'inactive', '888', NULL),
(17, '999', 1.00, '', 'voluntary', 'inactive', '999', NULL),
(18, 'Phí vệ sinh', 5000.00, 'Phí vệ sinh hành lang và khu vực chung', 'mandatory', 'active', 'PHI_VE_SINH', 'totalResidents'),
(19, 'Quỹ từ thiện', 1.00, 'Đóng góp tự nguyện cho các hoạt động từ thiện', 'voluntary', 'active', 'QUY_TU_THIEN', NULL),
(20, 'Phí bảo trì thang máy', 1.00, 'Đóng góp tự nguyện để bảo trì thang máy', 'voluntary', 'active', 'PHI_BAO_TRI_THANG_MAY', NULL);

-- --------------------------------------------------------

--
-- Cấu trúc bảng cho bảng `rooms`
--

CREATE TABLE `rooms` (
  `room_number` varchar(20) NOT NULL,
  `floor` int(11) NOT NULL,
  `area` float NOT NULL,
  `status` enum('available','occupied') NOT NULL
) ENGINE=InnoDB DEFAULT CHARSET=utf8mb4 COLLATE=utf8mb4_general_ci;

--
-- Đang đổ dữ liệu cho bảng `rooms`
--

INSERT INTO `rooms` (`room_number`, `floor`, `area`, `status`) VALUES
('1001', 10, 85, 'occupied'),
('1002', 10, 85, 'occupied'),
('1003', 10, 65, 'occupied'),
('1004', 10, 65, 'occupied'),
('1005', 10, 50, 'occupied'),
('1006', 10, 50, 'occupied'),
('1101', 11, 85, 'occupied'),
('1102', 11, 85, 'available'),
('1103', 11, 65, 'occupied'),
('1104', 11, 65, 'available'),
('1105', 11, 50, 'occupied'),
('1106', 11, 50, 'occupied'),
('1201', 12, 85, 'available'),
('1202', 12, 85, 'available'),
('1203', 12, 65, 'occupied'),
('1204', 12, 65, 'occupied'),
('1205', 12, 50, 'occupied'),
('1206', 12, 50, 'occupied'),
('1301', 13, 85, 'available'),
('1302', 13, 85, 'available'),
('1303', 13, 65, 'occupied'),
('1304', 13, 65, 'occupied'),
('1305', 13, 50, 'occupied'),
('1306', 13, 50, 'occupied'),
('1401', 14, 85, 'occupied'),
('1402', 14, 85, 'available'),
('1403', 14, 65, 'available'),
('1404', 14, 65, 'occupied'),
('1405', 14, 50, 'occupied'),
('1406', 14, 50, 'available'),
('1501', 15, 85, 'occupied'),
('1502', 15, 85, 'occupied'),
('1503', 15, 65, 'occupied'),
('1504', 15, 65, 'occupied'),
('1505', 15, 50, 'occupied'),
('1506', 15, 50, 'available'),
('1601', 16, 85, 'occupied'),
('1602', 16, 85, 'occupied'),
('1603', 16, 65, 'available'),
('1604', 16, 65, 'occupied'),
('1605', 16, 50, 'occupied'),
('1606', 16, 50, 'occupied'),
('1701', 17, 85, 'occupied'),
('1702', 17, 85, 'occupied'),
('1703', 17, 65, 'occupied'),
('1704', 17, 65, 'occupied'),
('1705', 17, 50, 'occupied'),
('1706', 17, 50, 'available'),
('1801', 18, 85, 'occupied'),
('1802', 18, 85, 'occupied'),
('1803', 18, 65, 'occupied'),
('1804', 18, 65, 'occupied'),
('1805', 18, 50, 'available'),
('1806', 18, 50, 'occupied'),
('1901', 19, 85, 'available'),
('1902', 19, 85, 'occupied'),
('1903', 19, 65, 'available'),
('1904', 19, 65, 'available'),
('1905', 19, 50, 'occupied'),
('1906', 19, 50, 'available'),
('2001', 20, 85, 'occupied'),
('2002', 20, 85, 'occupied'),
('2003', 20, 65, 'occupied'),
('2004', 20, 65, 'occupied'),
('2005', 20, 50, 'occupied'),
('2006', 20, 50, 'occupied'),
('2101', 21, 85, 'available'),
('2102', 21, 85, 'occupied'),
('2103', 21, 65, 'occupied'),
('2104', 21, 65, 'occupied'),
('2105', 21, 50, 'occupied'),
('2106', 21, 50, 'occupied'),
('2201', 22, 85, 'occupied'),
('2202', 22, 85, 'occupied'),
('2203', 22, 65, 'occupied'),
('2204', 22, 65, 'occupied'),
('2205', 22, 50, 'available'),
('2206', 22, 50, 'available'),
('2301', 23, 85, 'occupied'),
('2302', 23, 85, 'occupied'),
('2303', 23, 65, 'occupied'),
('2304', 23, 65, 'available'),
('2305', 23, 50, 'occupied'),
('2306', 23, 50, 'available'),
('2401', 24, 85, 'occupied'),
('2402', 24, 85, 'occupied'),
('2403', 24, 65, 'occupied'),
('2404', 24, 65, 'occupied'),
('2405', 24, 50, 'occupied'),
('2406', 24, 50, 'occupied'),
('2501', 25, 85, 'occupied'),
('2502', 25, 85, 'occupied'),
('2503', 25, 65, 'occupied'),
('2504', 25, 65, 'occupied'),
('2505', 25, 50, 'available'),
('2506', 25, 50, 'available'),
('2601', 26, 85, 'occupied'),
('2602', 26, 85, 'occupied'),
('2603', 26, 65, 'available'),
('2604', 26, 65, 'occupied'),
('2605', 26, 50, 'occupied'),
('2606', 26, 50, 'occupied'),
('2701', 27, 85, 'occupied'),
('2702', 27, 85, 'occupied'),
('2703', 27, 65, 'available'),
('2704', 27, 65, 'occupied'),
('2705', 27, 50, 'occupied'),
('2706', 27, 50, 'available'),
('2801', 28, 85, 'occupied'),
('2802', 28, 85, 'occupied'),
('2803', 28, 65, 'occupied'),
('2804', 28, 65, 'available'),
('2805', 28, 50, 'occupied'),
('2806', 28, 50, 'occupied'),
('2901', 29, 85, 'occupied'),
('2902', 29, 85, 'occupied'),
('2903', 29, 65, 'occupied'),
('2904', 29, 65, 'available'),
('2905', 29, 50, 'available'),
('2906', 29, 50, 'occupied'),
('3001', 30, 200, 'occupied'),
('3002', 30, 200, 'available'),
('601', 6, 85, 'occupied'),
('602', 6, 85, 'occupied'),
('603', 6, 65, 'occupied'),
('604', 6, 65, 'occupied'),
('605', 6, 50, 'available'),
('606', 6, 50, 'occupied'),
('701', 7, 85, 'occupied'),
('702', 7, 85, 'occupied'),
('703', 7, 65, 'occupied'),
('704', 7, 65, 'occupied'),
('705', 7, 50, 'occupied'),
('706', 7, 50, 'occupied'),
('801', 8, 85, 'occupied'),
('802', 8, 85, 'available'),
('803', 8, 65, 'available'),
('804', 8, 65, 'occupied'),
('805', 8, 50, 'occupied'),
('806', 8, 50, 'occupied'),
('901', 9, 85, 'occupied'),
('902', 9, 85, 'occupied'),
('903', 9, 65, 'occupied'),
('904', 9, 65, 'occupied'),
('905', 9, 50, 'available'),
('906', 9, 50, 'occupied');

-- --------------------------------------------------------

--
-- Cấu trúc bảng cho bảng `users`
--

CREATE TABLE `users` (
  `id` int(11) NOT NULL,
  `email` varchar(100) NOT NULL,
  `username` varchar(100) NOT NULL,
  `password` varchar(100) NOT NULL,
  `role` enum('accountant','admin') NOT NULL DEFAULT 'accountant'
) ENGINE=InnoDB DEFAULT CHARSET=utf8mb4 COLLATE=utf8mb4_general_ci;

--
-- Đang đổ dữ liệu cho bảng `users`
--

INSERT INTO `users` (`id`, `email`, `username`, `password`, `role`) VALUES
(1, 'admin@gmail.com', 'admin 123', '$2a$12$RJiNaIdRpVMp3RkEWa0VXuzEbqnQEcB3Bv9O8fkZbljAZ7m/s9s0a', 'admin'),
(25, '111', 'admin', '$2a$12$.Rdadwos2SaLijSJUK8Rk.BQOcI.Tf5sLEwyNaBwOrGCKNKjvOTyi', 'admin'),
(26, 'test@gmail.com', 'test', '$2a$12$c0d/2PDXLTRaYplEGrOk7uYb8oxuICtGoznnRy38eLTdGwYIf/nMG', 'accountant'),
(28, '222', 'test 2', '$2a$12$ZaBKjVP2L0tEX.FuVn4pou1eP/i2zutX6Psc92QXZgKp0q80b3NP6', 'accountant'),
(29, '333', '333', '$2a$12$BKKODa57LlqpbAfW2TSsy.7GV0eTtiXKBatTxiQtBzY89RzO9YpJa', 'accountant'),
(31, '444', '333', '$2a$12$hBBitq2WIid8A1OMNrIIauJbmkiP7xdz9tT9c0cf3Mh5nVF0nPZbG', 'accountant'),
(48, '555', '555', '$2a$12$9ZUC85to2EEqpfWujM5TeeEYsDWo1NgUGxbqrHjz9wEcXrP5MHID2', 'accountant'),
(50, '666', '666', '$2a$12$6Qr.OPyoZLAmMGramTins.HMjnJ6ud/PWJm7Ve/u0ZhyHD8SB8WsC', 'accountant'),
(51, '777', '777', '$2a$12$HtlpXYrOchGSEvAxuL6xsu82P.PQHR/3F8sYc7d1jVhHOKdHTZYxG', 'accountant'),
(52, '888', '888', '$2a$12$CDaxX32RhcuEtqvka1wRZ.HcU/6ZKb77EWGoDwod0j2eZRv6UMjvi', 'accountant'),
(58, '999', '999', '$2a$12$Ds7YBLXHYILGCG6MRhGjE.nBZuJewWtXCA9jhM3Z50elduLNOVCqC', 'accountant'),
(60, 'test2@gmail.com', 'kế toán 2', '$2a$12$Q10gvGBVpoi/ftuBZJtChOdPAsAqUQSZu3W0G4UkGrjTZICuHlF1W', 'accountant');

-- --------------------------------------------------------

--
-- Cấu trúc bảng cho bảng `vehicles`
--

CREATE TABLE `vehicles` (
  `id` int(11) NOT NULL,
  `room_number` varchar(20) NOT NULL,
  `plate_number` varchar(20) NOT NULL,
  `type` enum('motorbike','car') NOT NULL,
  `brand` varchar(50) NOT NULL,
  `color` varchar(30) NOT NULL,
  `registration_date` date NOT NULL,
  `is_active` tinyint(1) NOT NULL,
  `note` varchar(255) DEFAULT NULL
) ENGINE=InnoDB DEFAULT CHARSET=utf8mb4 COLLATE=utf8mb4_general_ci;

--
-- Đang đổ dữ liệu cho bảng `vehicles`
--

INSERT INTO `vehicles` (`id`, `room_number`, `plate_number`, `type`, `brand`, `color`, `registration_date`, `is_active`, `note`) VALUES
(1, '601', '29A-12345', 'motorbike', 'Honda', 'Black', '2023-05-15', 1, 'Xe máy chính của chủ hộ'),
(2, '601', '29A-67890', 'motorbike', 'Yamaha', 'Blue', '2022-08-20', 1, 'Xe máy của vợ chủ hộ'),
(3, '602', '30A-54321', 'motorbike', 'Honda', 'Red', '2024-01-10', 1, 'Xe máy của chủ hộ'),
(4, '602', '30B-98765', 'car', 'Toyota', 'White', '2023-11-25', 1, 'Ô tô gia đình'),
(5, '603', '29C-11223', 'motorbike', 'Suzuki', 'Silver', '2023-03-30', 1, 'Xe máy của chủ hộ');

--
-- Chỉ mục cho các bảng đã đổ
--

--
-- Chỉ mục cho bảng `collection_items`
--
ALTER TABLE `collection_items`
  ADD PRIMARY KEY (`id`),
  ADD KEY `fk_collection_period_id` (`collection_period_id`),
  ADD KEY `fk_room_number` (`room_number`),
  ADD KEY `fk_revenue_item_id` (`revenue_item_id`);

--
-- Chỉ mục cho bảng `collection_periods`
--
ALTER TABLE `collection_periods`
  ADD PRIMARY KEY (`id`),
  ADD UNIQUE KEY `unique_code` (`code`);

--
-- Chỉ mục cho bảng `payments`
--
ALTER TABLE `payments`
  ADD PRIMARY KEY (`id`),
  ADD KEY `fk_room_number` (`room_number`),
  ADD KEY `fk_collection_period_id` (`collection_period_id`);

--
-- Chỉ mục cho bảng `residents`
--
ALTER TABLE `residents`
  ADD PRIMARY KEY (`id`),
  ADD UNIQUE KEY `unique_id_card_number` (`id_card_number`),
  ADD KEY `fk_room_number` (`room_number`);

--
-- Chỉ mục cho bảng `revenue_items`
--
ALTER TABLE `revenue_items`
  ADD PRIMARY KEY (`id`),
  ADD UNIQUE KEY `unique_code` (`code`);

--
-- Chỉ mục cho bảng `rooms`
--
ALTER TABLE `rooms`
  ADD PRIMARY KEY (`room_number`);

--
-- Chỉ mục cho bảng `users`
--
ALTER TABLE `users`
  ADD PRIMARY KEY (`id`),
  ADD UNIQUE KEY `unique_email` (`email`);

--
-- Chỉ mục cho bảng `vehicles`
--
ALTER TABLE `vehicles`
  ADD PRIMARY KEY (`id`),
  ADD UNIQUE KEY `unique_plate_number` (`plate_number`),
  ADD KEY `fk_room_number` (`room_number`);

--
-- AUTO_INCREMENT cho các bảng đã đổ
--

--
-- AUTO_INCREMENT cho bảng `collection_items`
--
ALTER TABLE `collection_items`
  MODIFY `id` int(11) NOT NULL AUTO_INCREMENT, AUTO_INCREMENT=1035;

--
-- AUTO_INCREMENT cho bảng `collection_periods`
--
ALTER TABLE `collection_periods`
  MODIFY `id` int(11) NOT NULL AUTO_INCREMENT, AUTO_INCREMENT=10;

--
-- AUTO_INCREMENT cho bảng `payments`
--
ALTER TABLE `payments`
  MODIFY `id` int(11) NOT NULL AUTO_INCREMENT, AUTO_INCREMENT=59;

--
-- AUTO_INCREMENT cho bảng `residents`
--
ALTER TABLE `residents`
  MODIFY `id` int(11) NOT NULL AUTO_INCREMENT, AUTO_INCREMENT=268;

--
-- AUTO_INCREMENT cho bảng `revenue_items`
--
ALTER TABLE `revenue_items`
  MODIFY `id` int(11) NOT NULL AUTO_INCREMENT, AUTO_INCREMENT=27;

--
-- AUTO_INCREMENT cho bảng `users`
--
ALTER TABLE `users`
  MODIFY `id` int(11) NOT NULL AUTO_INCREMENT, AUTO_INCREMENT=61;

--
-- AUTO_INCREMENT cho bảng `vehicles`
--
ALTER TABLE `vehicles`
  MODIFY `id` int(11) NOT NULL AUTO_INCREMENT, AUTO_INCREMENT=15;

--
-- Các ràng buộc cho các bảng đã đổ
--

--
-- Các ràng buộc cho bảng `collection_items`
--
ALTER TABLE `collection_items`
  ADD CONSTRAINT `collection_items_ibfk_1` FOREIGN KEY (`collection_period_id`) REFERENCES `collection_periods` (`id`),
  ADD CONSTRAINT `collection_items_ibfk_2` FOREIGN KEY (`room_number`) REFERENCES `rooms` (`room_number`),
  ADD CONSTRAINT `collection_items_ibfk_3` FOREIGN KEY (`revenue_item_id`) REFERENCES `revenue_items` (`id`);

--
-- Các ràng buộc cho bảng `payments`
--
ALTER TABLE `payments`
  ADD CONSTRAINT `payments_ibfk_2` FOREIGN KEY (`room_number`) REFERENCES `rooms` (`room_number`),
  ADD CONSTRAINT `payments_ibfk_3` FOREIGN KEY (`collection_period_id`) REFERENCES `collection_periods` (`id`);

--
-- Các ràng buộc cho bảng `residents`
--
ALTER TABLE `residents`
  ADD CONSTRAINT `residents_ibfk_1` FOREIGN KEY (`room_number`) REFERENCES `rooms` (`room_number`);

--
-- Các ràng buộc cho bảng `vehicles`
--
ALTER TABLE `vehicles`
  ADD CONSTRAINT `vehicles_ibfk_1` FOREIGN KEY (`room_number`) REFERENCES `rooms` (`room_number`);
COMMIT;

/*!40101 SET CHARACTER_SET_CLIENT=@OLD_CHARACTER_SET_CLIENT */;
/*!40101 SET CHARACTER_SET_RESULTS=@OLD_CHARACTER_SET_RESULTS */;
/*!40101 SET COLLATION_CONNECTION=@OLD_COLLATION_CONNECTION */;
